Summary,Issue key,Issue id,Issue Type,Status,Project key,Project name,Project type,Project lead,Project lead id,Project description,Priority,Resolution,Assignee,Assignee Id,Reporter,Reporter Id,Creator,Creator Id,Created,Updated,Last Viewed,Resolved,Due date,Votes,Description,Environment,Watchers,Watchers Id,Original estimate,Remaining Estimate,Time Spent,Work Ratio,Σ Original Estimate,Σ Remaining Estimate,Σ Time Spent,Security Level,Outward issue link (Blocks),Outward issue link (Cloners),Outward issue link (Relates),Outward issue link (Relates),Outward issue link (Relates),Outward issue link (Relates),Outward issue link (Relates),Outward issue link (Relates),Outward issue link (Relates),Outward issue link (Relates),Outward issue link (Relates),Outward issue link (Relates),Outward issue link (Relates),Outward issue link (Relates),Outward issue link (Relates),Outward issue link (Relates),Outward issue link (Relates),Outward issue link (Relates),Outward issue link (Relates),Outward issue link (Relates),Outward issue link (Relates),Outward issue link (Relates),Attachment,Custom field (Actual end),Custom field (Actual start),Custom field (Change reason),Custom field (Change risk),Custom field (Change type),Custom field (Development),Custom field (Epic Color),Custom field (Epic Link),Custom field (Epic Name),Custom field (Epic Status),Custom field (Impact),Custom field (Issue color),Custom field (Rank),Custom field (Request Type),Sprint,Custom field (Start date),Custom field (Story Points),Custom field (Story point estimate),Custom field (Target end),Custom field (Target start),Custom field (Team),Custom field ([CHART] Date of First Response),Status Category
Verify the return to the previous page onclicking of the course name,EL-128,10127,Test,Done,EL,E_Learning,software,Swadha Pankhudi,612ef7c26fa73c006a77d0d8,,Medium,Done,Swadha Pankhudi,612ef7c26fa73c006a77d0d8,Swadha Pankhudi,612ef7c26fa73c006a77d0d8,Swadha Pankhudi,612ef7c26fa73c006a77d0d8,08/Sep/21 10:34 AM,08/Sep/21 10:58 AM,08/Sep/21 10:42 AM,08/Sep/21 10:58 AM,,0,,,Swadha Pankhudi,612ef7c26fa73c006a77d0d8,,,,,,,,,,EL-85,,,,,,,,,,,,,,,,,,,,,,,,,,,{},,,,,,,0|i000rr:,,EL Sprint 1,,,,,,,,Done
Verify the return to the previous page onclick of the course name,EL-127,10126,Test,Done,EL,E_Learning,software,Swadha Pankhudi,612ef7c26fa73c006a77d0d8,,Medium,Done,Swadha Pankhudi,612ef7c26fa73c006a77d0d8,Swadha Pankhudi,612ef7c26fa73c006a77d0d8,Swadha Pankhudi,612ef7c26fa73c006a77d0d8,08/Sep/21 10:30 AM,08/Sep/21 10:58 AM,08/Sep/21 10:30 AM,08/Sep/21 10:58 AM,,0,,,Swadha Pankhudi,612ef7c26fa73c006a77d0d8,,,,,,,,,,EL-53,,,,,,,,,,,,,,,,,,,,,,,,,,,{},,,,,,,0|i000rj:,,EL Sprint 1,,,,,,,,Done
Verify the redirection to the previous pages according to the clicking of document and course name,EL-126,10125,Test,Done,EL,E_Learning,software,Swadha Pankhudi,612ef7c26fa73c006a77d0d8,,Medium,Done,Swadha Pankhudi,612ef7c26fa73c006a77d0d8,Swadha Pankhudi,612ef7c26fa73c006a77d0d8,Swadha Pankhudi,612ef7c26fa73c006a77d0d8,07/Sep/21 12:03 PM,08/Sep/21 10:58 AM,09/Sep/21 10:26 AM,08/Sep/21 10:58 AM,,0,,,Swadha Pankhudi,612ef7c26fa73c006a77d0d8,,,,,,,,,,EL-125,,,,,,,,,,,,,,,,,,,,,,,,,,,{},,,,,,,0|i000rb:,,EL Sprint 1,,,,,,,,Done
Verify the table contents functionality,EL-125,10124,Test,Done,EL,E_Learning,software,Swadha Pankhudi,612ef7c26fa73c006a77d0d8,,Medium,Done,Swadha Pankhudi,612ef7c26fa73c006a77d0d8,Swadha Pankhudi,612ef7c26fa73c006a77d0d8,Swadha Pankhudi,612ef7c26fa73c006a77d0d8,07/Sep/21 11:46 AM,08/Sep/21 10:58 AM,09/Sep/21 10:26 AM,08/Sep/21 10:58 AM,,0,,,Swadha Pankhudi,612ef7c26fa73c006a77d0d8,,,,,,,,,,EL-124,,,,,,,,,,,,,,,,,,,,,,,,,,,{},,,,,,,0|i000r3:,,EL Sprint 1,,,,,,,,Done
Verify the current folder functionality,EL-124,10123,Test,Done,EL,E_Learning,software,Swadha Pankhudi,612ef7c26fa73c006a77d0d8,,Medium,Done,Swadha Pankhudi,612ef7c26fa73c006a77d0d8,Swadha Pankhudi,612ef7c26fa73c006a77d0d8,Swadha Pankhudi,612ef7c26fa73c006a77d0d8,07/Sep/21 11:45 AM,08/Sep/21 10:59 AM,09/Sep/21 10:26 AM,08/Sep/21 10:59 AM,,0,,,Swadha Pankhudi,612ef7c26fa73c006a77d0d8,,,,,,,,,,EL-123,,,,,,,,,,,,,,,,,,,,,,,,,,,{},,,,,,,0|i000qv:,,EL Sprint 1,,,,,,,,Done
Verify the search field functionality,EL-123,10122,Test,Done,EL,E_Learning,software,Swadha Pankhudi,612ef7c26fa73c006a77d0d8,,Medium,Done,Swadha Pankhudi,612ef7c26fa73c006a77d0d8,Swadha Pankhudi,612ef7c26fa73c006a77d0d8,Swadha Pankhudi,612ef7c26fa73c006a77d0d8,07/Sep/21 11:39 AM,08/Sep/21 10:59 AM,07/Sep/21 3:32 PM,08/Sep/21 10:59 AM,,0,,,Swadha Pankhudi,612ef7c26fa73c006a77d0d8,,,,,,,,,,EL-122,,,,,,,,,,,,,,,,,,,,,,,,,,,{},,,,,,,0|i000qn:,,EL Sprint 1,,,,,,,,Done
Verify the slideshow option page after clicking on gallary settings,EL-122,10121,Test,Done,EL,E_Learning,software,Swadha Pankhudi,612ef7c26fa73c006a77d0d8,,Medium,Done,Swadha Pankhudi,612ef7c26fa73c006a77d0d8,Swadha Pankhudi,612ef7c26fa73c006a77d0d8,Swadha Pankhudi,612ef7c26fa73c006a77d0d8,07/Sep/21 11:12 AM,08/Sep/21 10:59 AM,09/Sep/21 10:26 AM,08/Sep/21 10:59 AM,,0,,,Swadha Pankhudi,612ef7c26fa73c006a77d0d8,,,,,,,,,,EL-121,,,,,,,,,,,,,,,,,,,,,,,,,,,{},,,,,,,0|i000qf:,,EL Sprint 1,,,,,,,,Done
Verify the gallary settings icon functionality,EL-121,10120,Test,Done,EL,E_Learning,software,Swadha Pankhudi,612ef7c26fa73c006a77d0d8,,Medium,Done,Swadha Pankhudi,612ef7c26fa73c006a77d0d8,Swadha Pankhudi,612ef7c26fa73c006a77d0d8,Swadha Pankhudi,612ef7c26fa73c006a77d0d8,07/Sep/21 11:04 AM,08/Sep/21 10:59 AM,09/Sep/21 10:26 AM,08/Sep/21 10:59 AM,,0,,,Swadha Pankhudi,612ef7c26fa73c006a77d0d8,,,,,,,,,,EL-120,,,,,,,,,,,,,,,,,,,,,,,,,,,{},,,,,,,0|i000q7:,,EL Sprint 1,,,,,,,,Done
Verify the show thumbnail functionality,EL-120,10119,Test,Done,EL,E_Learning,software,Swadha Pankhudi,612ef7c26fa73c006a77d0d8,,Medium,Done,Swadha Pankhudi,612ef7c26fa73c006a77d0d8,Swadha Pankhudi,612ef7c26fa73c006a77d0d8,Swadha Pankhudi,612ef7c26fa73c006a77d0d8,07/Sep/21 10:57 AM,08/Sep/21 10:59 AM,09/Sep/21 10:26 AM,08/Sep/21 10:59 AM,,0,,,Swadha Pankhudi,612ef7c26fa73c006a77d0d8,,,,,,,,,,EL-119,,,,,,,,,,,,,,,,,,,,,,,,,,,{},,,,,,,0|i000pz:,,EL Sprint 1,,,,,,,,Done
Verify the up functionality to return back to the previous page,EL-119,10118,Test,Done,EL,E_Learning,software,Swadha Pankhudi,612ef7c26fa73c006a77d0d8,,Medium,Done,Swadha Pankhudi,612ef7c26fa73c006a77d0d8,Swadha Pankhudi,612ef7c26fa73c006a77d0d8,Swadha Pankhudi,612ef7c26fa73c006a77d0d8,07/Sep/21 10:53 AM,08/Sep/21 10:59 AM,09/Sep/21 10:26 AM,08/Sep/21 10:59 AM,,0,,,Swadha Pankhudi,612ef7c26fa73c006a77d0d8,,,,,,,,,,EL-118,,,,,,,,,,,,,,,,,,,,,,,,,,,{},,,,,,,0|i000pr:,,EL Sprint 1,,,,,,,,Done
Verify the slide show icon functionality,EL-118,10117,Test,Done,EL,E_Learning,software,Swadha Pankhudi,612ef7c26fa73c006a77d0d8,,Medium,Done,Swadha Pankhudi,612ef7c26fa73c006a77d0d8,Swadha Pankhudi,612ef7c26fa73c006a77d0d8,Swadha Pankhudi,612ef7c26fa73c006a77d0d8,07/Sep/21 10:02 AM,08/Sep/21 11:00 AM,09/Sep/21 10:26 AM,08/Sep/21 11:00 AM,,0,,,Swadha Pankhudi,612ef7c26fa73c006a77d0d8,,,,,,,,,,EL-117,,,,,,,,,,,,,,,,,,,,,,,,,,,{},,,,,,,0|i000pj:,,EL Sprint 1,,,,,,,,Done
Verify that the user is able to see the contents in the document page,EL-117,10116,Test,Done,EL,E_Learning,software,Swadha Pankhudi,612ef7c26fa73c006a77d0d8,,Medium,Done,Swadha Pankhudi,612ef7c26fa73c006a77d0d8,Swadha Pankhudi,612ef7c26fa73c006a77d0d8,Swadha Pankhudi,612ef7c26fa73c006a77d0d8,07/Sep/21 9:56 AM,08/Sep/21 11:01 AM,09/Sep/21 10:26 AM,08/Sep/21 11:01 AM,,0,,,Swadha Pankhudi,612ef7c26fa73c006a77d0d8,,,,,,,,,,EL-116,,,,,,,,,,,,,,,,,,,,,,,,,,,{},,,,,,,0|i000pb:,,EL Sprint 1,,,,,,,,Done
Verify that the user is able to click on the document icon,EL-116,10115,Test,Done,EL,E_Learning,software,Swadha Pankhudi,612ef7c26fa73c006a77d0d8,,Medium,Done,Swadha Pankhudi,612ef7c26fa73c006a77d0d8,Swadha Pankhudi,612ef7c26fa73c006a77d0d8,Swadha Pankhudi,612ef7c26fa73c006a77d0d8,07/Sep/21 9:49 AM,08/Sep/21 11:01 AM,09/Sep/21 10:26 AM,08/Sep/21 11:01 AM,,0,,,Swadha Pankhudi,612ef7c26fa73c006a77d0d8,,,,,,,,,,EL-115,,,,,,,,,,,,,,,,,,,,,,,,,,,{},,,,,,,0|i000p3:,,EL Sprint 1,,,,,,,,Done
Verify the user is able to see the change of colour on hovering over the document icon,EL-115,10114,Test,Done,EL,E_Learning,software,Swadha Pankhudi,612ef7c26fa73c006a77d0d8,,Medium,Done,Swadha Pankhudi,612ef7c26fa73c006a77d0d8,Swadha Pankhudi,612ef7c26fa73c006a77d0d8,Swadha Pankhudi,612ef7c26fa73c006a77d0d8,07/Sep/21 9:40 AM,08/Sep/21 11:01 AM,09/Sep/21 10:26 AM,08/Sep/21 11:01 AM,,0,,,Swadha Pankhudi,612ef7c26fa73c006a77d0d8,,,,,,,,,,,,,,,,,,,,,,,,,,,,,,,,,,,,,{},,,,,,,0|i000ov:,,EL Sprint 1,,,,,,,,Done
Verify the user is able to navigate to respective previous page onclicking the course name,EL-114,10113,Test,Done,EL,E_Learning,software,Swadha Pankhudi,612ef7c26fa73c006a77d0d8,,Medium,Done,Swadha Pankhudi,612ef7c26fa73c006a77d0d8,Swadha Pankhudi,612ef7c26fa73c006a77d0d8,Swadha Pankhudi,612ef7c26fa73c006a77d0d8,07/Sep/21 1:13 AM,08/Sep/21 11:01 AM,09/Sep/21 10:26 AM,08/Sep/21 11:01 AM,,0,,,Swadha Pankhudi,612ef7c26fa73c006a77d0d8,,,,,,,,,,EL-113,,,,,,,,,,,,,,,,,,,,,,,,,,,{},,,,,,,0|i000on:,,EL Sprint 1,,,,,,,,Done
Verify the direction of the user to the forum page onclicking the forum icon,EL-113,10112,Test,Done,EL,E_Learning,software,Swadha Pankhudi,612ef7c26fa73c006a77d0d8,,Medium,Done,Swadha Pankhudi,612ef7c26fa73c006a77d0d8,Swadha Pankhudi,612ef7c26fa73c006a77d0d8,Swadha Pankhudi,612ef7c26fa73c006a77d0d8,07/Sep/21 1:11 AM,08/Sep/21 11:01 AM,09/Sep/21 10:26 AM,08/Sep/21 11:01 AM,,0,,,Swadha Pankhudi,612ef7c26fa73c006a77d0d8,,,,,,,,,,EL-112,,,,,,,,,,,,,,,,,,,,,,,,,,,{},,,,,,,0|i000of:,,EL Sprint 1,,,,,,,,Done
Verify the change of colour on hovering over the forum icon,EL-112,10111,Test,Done,EL,E_Learning,software,Swadha Pankhudi,612ef7c26fa73c006a77d0d8,,Medium,Done,Swadha Pankhudi,612ef7c26fa73c006a77d0d8,Swadha Pankhudi,612ef7c26fa73c006a77d0d8,Swadha Pankhudi,612ef7c26fa73c006a77d0d8,07/Sep/21 1:08 AM,08/Sep/21 11:01 AM,09/Sep/21 10:26 AM,08/Sep/21 11:01 AM,,0,,,Swadha Pankhudi,612ef7c26fa73c006a77d0d8,,,,,,,,,,EL-111,,,,,,,,,,,,,,,,,,,,,,,,,,,{},,,,,,,0|i000o7:,,EL Sprint 1,,,,,,,,Done
Verify the change of colour on hovering over the forum icon,EL-111,10110,Test,Done,EL,E_Learning,software,Swadha Pankhudi,612ef7c26fa73c006a77d0d8,,Medium,Done,Swadha Pankhudi,612ef7c26fa73c006a77d0d8,Swadha Pankhudi,612ef7c26fa73c006a77d0d8,Swadha Pankhudi,612ef7c26fa73c006a77d0d8,07/Sep/21 1:04 AM,08/Sep/21 11:01 AM,09/Sep/21 10:26 AM,08/Sep/21 11:01 AM,,0,,,Swadha Pankhudi,612ef7c26fa73c006a77d0d8,,,,,,,,,,,,,,,,,,,,,,,,,,,,,,,,,,,,,{},,,,,,,0|i000nz:,,EL Sprint 1,,,,,,,,Done
Verify that the user is able to be directed to previous pages by clicking on dropbox and test name,EL-110,10109,Test,Done,EL,E_Learning,software,Swadha Pankhudi,612ef7c26fa73c006a77d0d8,,Medium,Done,Swadha Pankhudi,612ef7c26fa73c006a77d0d8,Swadha Pankhudi,612ef7c26fa73c006a77d0d8,Swadha Pankhudi,612ef7c26fa73c006a77d0d8,07/Sep/21 12:57 AM,08/Sep/21 11:01 AM,08/Sep/21 10:39 AM,08/Sep/21 11:01 AM,,0,,,Swadha Pankhudi,612ef7c26fa73c006a77d0d8,,,,,,,,,,EL-109,,,,,,,,,,,,,,,,,,,,,,,,,,,{},,,,,,,0|i000nr:,,EL Sprint 1,,,,,,,,Done
Verify category name field in the add new folder ,EL-109,10108,Test,Done,EL,E_Learning,software,Swadha Pankhudi,612ef7c26fa73c006a77d0d8,,Medium,Done,Swadha Pankhudi,612ef7c26fa73c006a77d0d8,Swadha Pankhudi,612ef7c26fa73c006a77d0d8,Swadha Pankhudi,612ef7c26fa73c006a77d0d8,07/Sep/21 12:46 AM,08/Sep/21 11:01 AM,09/Sep/21 10:26 AM,08/Sep/21 11:01 AM,,0,,,Swadha Pankhudi,612ef7c26fa73c006a77d0d8,,,,,,,,,,EL-108,,,,,,,,,,,,,,,,,,,,,,,,,,,{},,,,,,,0|i000nj:,,EL Sprint 1,,,,,,,,Done
Verify the create folder is clickable and changes colour on hovering over it or not,EL-108,10107,Test,Done,EL,E_Learning,software,Swadha Pankhudi,612ef7c26fa73c006a77d0d8,,Medium,Done,Swadha Pankhudi,612ef7c26fa73c006a77d0d8,Swadha Pankhudi,612ef7c26fa73c006a77d0d8,Swadha Pankhudi,612ef7c26fa73c006a77d0d8,07/Sep/21 12:24 AM,08/Sep/21 11:01 AM,09/Sep/21 10:26 AM,08/Sep/21 11:01 AM,,0,,,Swadha Pankhudi,612ef7c26fa73c006a77d0d8,,,,,,,,,,EL-107,,,,,,,,,,,,,,,,,,,,,,,,,,,{},,,,,,,0|i000nb:,,EL Sprint 1,,,,,,,,Done
"verify whether the type,sent file,size,visible to,last sent to,is clickable or not in received file",EL-107,10106,Test,Done,EL,E_Learning,software,Swadha Pankhudi,612ef7c26fa73c006a77d0d8,,Medium,Done,Swadha Pankhudi,612ef7c26fa73c006a77d0d8,Swadha Pankhudi,612ef7c26fa73c006a77d0d8,Swadha Pankhudi,612ef7c26fa73c006a77d0d8,07/Sep/21 12:17 AM,08/Sep/21 11:01 AM,09/Sep/21 10:26 AM,08/Sep/21 11:01 AM,,0,,,Swadha Pankhudi,612ef7c26fa73c006a77d0d8,,,,,,,,,,EL-106,,,,,,,,,,,,,,,,,,,,,,,,,,,{},,,,,,,0|i000n3:,,EL Sprint 1,,,,,,,,Done
"verify whether the type,sent file,size,visible to,last sent to,is clickable or not in sent files",EL-106,10105,Test,Done,EL,E_Learning,software,Swadha Pankhudi,612ef7c26fa73c006a77d0d8,,Medium,Done,Swadha Pankhudi,612ef7c26fa73c006a77d0d8,Swadha Pankhudi,612ef7c26fa73c006a77d0d8,Swadha Pankhudi,612ef7c26fa73c006a77d0d8,07/Sep/21 12:09 AM,08/Sep/21 11:02 AM,09/Sep/21 10:26 AM,08/Sep/21 11:02 AM,,0,,,Swadha Pankhudi,612ef7c26fa73c006a77d0d8,,,,,,,,,,EL-105,,,,,,,,,,,,,,,,,,,,,,,,,,,{},,,,,,,0|i000mv:,,EL Sprint 1,,,,,,,,Done
verify that the user is able to click on upload file and select the file from the internal storage of pc in upload (simple),EL-105,10104,Test,Done,EL,E_Learning,software,Swadha Pankhudi,612ef7c26fa73c006a77d0d8,,Medium,Done,Swadha Pankhudi,612ef7c26fa73c006a77d0d8,Swadha Pankhudi,612ef7c26fa73c006a77d0d8,Swadha Pankhudi,612ef7c26fa73c006a77d0d8,07/Sep/21 12:02 AM,08/Sep/21 11:02 AM,09/Sep/21 10:26 AM,08/Sep/21 11:02 AM,,0,,,Swadha Pankhudi,612ef7c26fa73c006a77d0d8,,,,,,,,,,EL-104,,,,,,,,,,,,,,,,,,,,,,,,,,,{},,,,,,,0|i000mn:,,EL Sprint 1,,,,,,,,Done
verify that the user is able to click on upload file and select the file from the internal storage of pc,EL-104,10103,Test,Done,EL,E_Learning,software,Swadha Pankhudi,612ef7c26fa73c006a77d0d8,,Medium,Done,Swadha Pankhudi,612ef7c26fa73c006a77d0d8,Swadha Pankhudi,612ef7c26fa73c006a77d0d8,Swadha Pankhudi,612ef7c26fa73c006a77d0d8,06/Sep/21 11:49 PM,08/Sep/21 11:02 AM,09/Sep/21 10:26 AM,08/Sep/21 11:02 AM,,0,,,Swadha Pankhudi,612ef7c26fa73c006a77d0d8,,,,,,,,,,EL-103,,,,,,,,,,,,,,,,,,,,,,,,,,,{},,,,,,,0|i000mf:,,EL Sprint 1,,,,,,,,Done
Verify that the user is able to click on the send to field,EL-103,10102,Test,Done,EL,E_Learning,software,Swadha Pankhudi,612ef7c26fa73c006a77d0d8,,Medium,Done,Swadha Pankhudi,612ef7c26fa73c006a77d0d8,Swadha Pankhudi,612ef7c26fa73c006a77d0d8,Swadha Pankhudi,612ef7c26fa73c006a77d0d8,06/Sep/21 11:41 PM,08/Sep/21 11:02 AM,09/Sep/21 10:26 AM,08/Sep/21 11:02 AM,,0,,,Swadha Pankhudi,612ef7c26fa73c006a77d0d8,,,,,,,,,,EL-102,,,,,,,,,,,,,,,,,,,,,,,,,,,{},,,,,,,0|i000m7:,,EL Sprint 1,,,,,,,,Done
Verify the presasnce of various fields after being directed to a page by clicking upload,EL-102,10101,Test,Done,EL,E_Learning,software,Swadha Pankhudi,612ef7c26fa73c006a77d0d8,,Medium,Done,Swadha Pankhudi,612ef7c26fa73c006a77d0d8,Swadha Pankhudi,612ef7c26fa73c006a77d0d8,Swadha Pankhudi,612ef7c26fa73c006a77d0d8,06/Sep/21 11:36 PM,08/Sep/21 11:02 AM,09/Sep/21 10:26 AM,08/Sep/21 11:02 AM,,0,,,Swadha Pankhudi,612ef7c26fa73c006a77d0d8,,,,,,,,,,EL-100,,,,,,,,,,,,,,,,,,,,,,,,,,,{},,,,,,,0|i000lz:,,EL Sprint 1,,,,,,,,Done
Verify that the user should be able to see the change of colour and the onclick of upload(simple),EL-101,10100,Test,Done,EL,E_Learning,software,Swadha Pankhudi,612ef7c26fa73c006a77d0d8,,Medium,Done,Swadha Pankhudi,612ef7c26fa73c006a77d0d8,Swadha Pankhudi,612ef7c26fa73c006a77d0d8,Swadha Pankhudi,612ef7c26fa73c006a77d0d8,06/Sep/21 11:34 PM,08/Sep/21 11:02 AM,09/Sep/21 10:26 AM,08/Sep/21 11:02 AM,,0,,,Swadha Pankhudi,612ef7c26fa73c006a77d0d8,,,,,,,,,,EL-100,,,,,,,,,,,,,,,,,,,,,,,,,,,{},,,,,,,0|i000lr:,,EL Sprint 1,,,,,,,,Done
Verify that the user should be able to see the change of colour and the onclick of upload,EL-100,10099,Test,Done,EL,E_Learning,software,Swadha Pankhudi,612ef7c26fa73c006a77d0d8,,Medium,Done,Swadha Pankhudi,612ef7c26fa73c006a77d0d8,Swadha Pankhudi,612ef7c26fa73c006a77d0d8,Swadha Pankhudi,612ef7c26fa73c006a77d0d8,06/Sep/21 11:28 PM,08/Sep/21 11:02 AM,09/Sep/21 10:26 AM,08/Sep/21 11:02 AM,,0,,,Swadha Pankhudi,612ef7c26fa73c006a77d0d8,,,,,,,,,,EL-99,,,,,,,,,,,,,,,,,,,,,,,,,,,{},,,,,,,0|i000lj:,,EL Sprint 1,,,,,,,,Done
Verify that the user is directed to the share new file page and is able to see the description,EL-99,10098,Test,Done,EL,E_Learning,software,Swadha Pankhudi,612ef7c26fa73c006a77d0d8,,Medium,Done,Swadha Pankhudi,612ef7c26fa73c006a77d0d8,Swadha Pankhudi,612ef7c26fa73c006a77d0d8,Swadha Pankhudi,612ef7c26fa73c006a77d0d8,06/Sep/21 11:21 PM,08/Sep/21 11:02 AM,09/Sep/21 10:26 AM,08/Sep/21 11:02 AM,,0,,,Swadha Pankhudi,612ef7c26fa73c006a77d0d8,,,,,,,,,,EL-97,,,,,,,,,,,,,,,,,,,,,,,,,,,{},,,,,,,0|i000lb:,,EL Sprint 1,,,,,,,,Done
verify the add new folder icon changes colour and is clickable or not,EL-98,10097,Test,Done,EL,E_Learning,software,Swadha Pankhudi,612ef7c26fa73c006a77d0d8,,Medium,Done,Swadha Pankhudi,612ef7c26fa73c006a77d0d8,Swadha Pankhudi,612ef7c26fa73c006a77d0d8,Swadha Pankhudi,612ef7c26fa73c006a77d0d8,06/Sep/21 11:15 PM,08/Sep/21 11:02 AM,09/Sep/21 10:26 AM,08/Sep/21 11:02 AM,,0,,,Swadha Pankhudi,612ef7c26fa73c006a77d0d8,,,,,,,,,,EL-97,,,,,,,,,,,,,,,,,,,,,,,,,,,{},,,,,,,0|i000l3:,,EL Sprint 1,,,,,,,,Done
verify the share new file icon changes colour and is clickable or not,EL-97,10096,Test,Done,EL,E_Learning,software,Swadha Pankhudi,612ef7c26fa73c006a77d0d8,,Medium,Done,Swadha Pankhudi,612ef7c26fa73c006a77d0d8,Swadha Pankhudi,612ef7c26fa73c006a77d0d8,Swadha Pankhudi,612ef7c26fa73c006a77d0d8,06/Sep/21 11:10 PM,08/Sep/21 11:02 AM,09/Sep/21 10:26 AM,08/Sep/21 11:02 AM,,0,,,Swadha Pankhudi,612ef7c26fa73c006a77d0d8,,,,,,,,,,EL-96,,,,,,,,,,,,,,,,,,,,,,,,,,,{},,,,,,,0|i000kv:,,EL Sprint 1,,,,,,,,Done
Verify the onclick of the dropbox button icon,EL-96,10095,Test,Done,EL,E_Learning,software,Swadha Pankhudi,612ef7c26fa73c006a77d0d8,,Medium,Done,Swadha Pankhudi,612ef7c26fa73c006a77d0d8,Swadha Pankhudi,612ef7c26fa73c006a77d0d8,Swadha Pankhudi,612ef7c26fa73c006a77d0d8,06/Sep/21 11:06 PM,08/Sep/21 11:02 AM,09/Sep/21 10:26 AM,08/Sep/21 11:02 AM,,0,,,Swadha Pankhudi,612ef7c26fa73c006a77d0d8,,,,,,,,,,EL-95,,,,,,,,,,,,,,,,,,,,,,,,,,,{},,,,,,,0|i000kn:,,EL Sprint 1,,,,,,,,Done
verify the change of colour on hovering over the dropbox icon,EL-95,10094,Test,Done,EL,E_Learning,software,Swadha Pankhudi,612ef7c26fa73c006a77d0d8,,Medium,Done,Swadha Pankhudi,612ef7c26fa73c006a77d0d8,Swadha Pankhudi,612ef7c26fa73c006a77d0d8,Swadha Pankhudi,612ef7c26fa73c006a77d0d8,06/Sep/21 10:57 PM,08/Sep/21 11:02 AM,09/Sep/21 10:26 AM,08/Sep/21 11:02 AM,,0,,,Swadha Pankhudi,612ef7c26fa73c006a77d0d8,,,,,,,,,,,,,,,,,,,,,,,,,,,,,,,,,,,,,{},,,,,,,0|i000kf:,,EL Sprint 1,,,,,,,,Done
"Verify the redirection to the respective previous pages on clicking the test name,course name",EL-94,10093,Test,Done,EL,E_Learning,software,Swadha Pankhudi,612ef7c26fa73c006a77d0d8,,Medium,Done,Swadha Pankhudi,612ef7c26fa73c006a77d0d8,Swadha Pankhudi,612ef7c26fa73c006a77d0d8,Swadha Pankhudi,612ef7c26fa73c006a77d0d8,06/Sep/21 6:11 PM,08/Sep/21 11:03 AM,09/Sep/21 10:26 AM,08/Sep/21 11:03 AM,,0,,,Swadha Pankhudi,612ef7c26fa73c006a77d0d8,,,,,,,,,,EL-91,,,,,,,,,,,,,,,,,,,,,,,,,,,{},,,,,,,0|i000k7:,,EL Sprint 1,,,,,,,,Done
A user is not able to access the test after direction from the proceed/start test,EL-93,10092,Bug,To Do,EL,E_Learning,software,Swadha Pankhudi,612ef7c26fa73c006a77d0d8,,Medium,,Swadha Pankhudi,612ef7c26fa73c006a77d0d8,Swadha Pankhudi,612ef7c26fa73c006a77d0d8,Swadha Pankhudi,612ef7c26fa73c006a77d0d8,06/Sep/21 6:05 PM,06/Sep/21 6:20 PM,09/Sep/21 8:57 AM,,,0,"Steps to reach

# click on the test icon
# click on the test to be taken
# click on the proceed button

expected result:

the user should be able to access the test as per the time 

actual result:

!image-20210906-123819.png|width=1358,height=286!",,Swadha Pankhudi,612ef7c26fa73c006a77d0d8,,,,,,,,,,,,,,,,,,,,,,,,,,,,,,,06/Sep/21 6:08 PM;ug:5125af2d-9273-4d10-98d0-f8d20341b41d;image-20210906-123819.png;https://elearning07.atlassian.net/secure/attachment/10004/image-20210906-123819.png,,,,,,{},,,,,,,0|i000jz:,,EL Sprint 1,,,,,,,,To Do
verify the test taken by the user is present or not,EL-92,10091,Test,Blocked,EL,E_Learning,software,Swadha Pankhudi,612ef7c26fa73c006a77d0d8,,Medium,,Swadha Pankhudi,612ef7c26fa73c006a77d0d8,Swadha Pankhudi,612ef7c26fa73c006a77d0d8,Swadha Pankhudi,612ef7c26fa73c006a77d0d8,06/Sep/21 6:02 PM,08/Sep/21 10:59 AM,09/Sep/21 10:26 AM,,,0,,,Swadha Pankhudi,612ef7c26fa73c006a77d0d8,,,,,,,,,,EL-91,EL-93,,,,,,,,,,,,,,,,,,,,,,,,,,{},,,,,,,0|i000jr:,,EL Sprint 1,,,,,,,,To Do
Verify the onclick of the start/proceed test button,EL-91,10090,Test,Done,EL,E_Learning,software,Swadha Pankhudi,612ef7c26fa73c006a77d0d8,,Medium,Done,Swadha Pankhudi,612ef7c26fa73c006a77d0d8,Swadha Pankhudi,612ef7c26fa73c006a77d0d8,Swadha Pankhudi,612ef7c26fa73c006a77d0d8,06/Sep/21 5:55 PM,08/Sep/21 11:03 AM,09/Sep/21 10:26 AM,08/Sep/21 11:03 AM,,0,,,Swadha Pankhudi,612ef7c26fa73c006a77d0d8,,,,,,,,,,EL-90,,,,,,,,,,,,,,,,,,,,,,,,,,,{},,,,,,,0|i000jj:,,EL Sprint 1,,,,,,,,Done
Verify the chage of colour on hovering over the start/proceed test button,EL-90,10089,Test,Done,EL,E_Learning,software,Swadha Pankhudi,612ef7c26fa73c006a77d0d8,,Medium,Done,Swadha Pankhudi,612ef7c26fa73c006a77d0d8,Swadha Pankhudi,612ef7c26fa73c006a77d0d8,Swadha Pankhudi,612ef7c26fa73c006a77d0d8,06/Sep/21 5:50 PM,08/Sep/21 11:03 AM,09/Sep/21 10:26 AM,08/Sep/21 11:03 AM,,0,,,Swadha Pankhudi,612ef7c26fa73c006a77d0d8,,,,,,,,,,EL-89,,,,,,,,,,,,,,,,,,,,,,,,,,,{},,,,,,,0|i000jb:,,EL Sprint 1,,,,,,,,Done
Verify the direction to the next page onclicking the test access,EL-89,10088,Test,Done,EL,E_Learning,software,Swadha Pankhudi,612ef7c26fa73c006a77d0d8,,Medium,Done,Swadha Pankhudi,612ef7c26fa73c006a77d0d8,Swadha Pankhudi,612ef7c26fa73c006a77d0d8,Swadha Pankhudi,612ef7c26fa73c006a77d0d8,06/Sep/21 5:48 PM,08/Sep/21 11:03 AM,09/Sep/21 10:26 AM,08/Sep/21 11:03 AM,,0,,,Swadha Pankhudi,612ef7c26fa73c006a77d0d8,,,,,,,,,,EL-88,,,,,,,,,,,,,,,,,,,,,,,,,,,{},,,,,,,0|i000j3:,,EL Sprint 1,,,,,,,,Done
Verify the onclicking of the test links in order to access test,EL-88,10087,Test,Done,EL,E_Learning,software,Swadha Pankhudi,612ef7c26fa73c006a77d0d8,,Medium,Done,Swadha Pankhudi,612ef7c26fa73c006a77d0d8,Swadha Pankhudi,612ef7c26fa73c006a77d0d8,Swadha Pankhudi,612ef7c26fa73c006a77d0d8,06/Sep/21 5:37 PM,08/Sep/21 11:03 AM,09/Sep/21 10:26 AM,08/Sep/21 11:03 AM,,0,,,Swadha Pankhudi,612ef7c26fa73c006a77d0d8,,,,,,,,,,EL-87,,,,,,,,,,,,,,,,,,,,,,,,,,,{},,,,,,,0|i000iv:,,EL Sprint 1,,,,,,,,Done
Verify onclicking of the test icon,EL-87,10086,Test,Done,EL,E_Learning,software,Swadha Pankhudi,612ef7c26fa73c006a77d0d8,,Medium,Done,Swadha Pankhudi,612ef7c26fa73c006a77d0d8,Swadha Pankhudi,612ef7c26fa73c006a77d0d8,Swadha Pankhudi,612ef7c26fa73c006a77d0d8,06/Sep/21 5:32 PM,08/Sep/21 11:03 AM,09/Sep/21 10:26 AM,08/Sep/21 11:03 AM,,0,,,Swadha Pankhudi,612ef7c26fa73c006a77d0d8,,,,,,,,,,EL-86,,,,,,,,,,,,,,,,,,,,,,,,,,,{},,,,,,,0|i000in:,,EL Sprint 1,,,,,,,,Done
Verify the change of colour on hovering over the test icon in course description,EL-86,10085,Test,Done,EL,E_Learning,software,Swadha Pankhudi,612ef7c26fa73c006a77d0d8,,Medium,Done,Swadha Pankhudi,612ef7c26fa73c006a77d0d8,Swadha Pankhudi,612ef7c26fa73c006a77d0d8,Swadha Pankhudi,612ef7c26fa73c006a77d0d8,06/Sep/21 5:25 PM,08/Sep/21 11:03 AM,09/Sep/21 10:26 AM,08/Sep/21 11:03 AM,,0,,,Swadha Pankhudi,612ef7c26fa73c006a77d0d8,,,,,,,,,,,,,,,,,,,,,,,,,,,,,,,,,,,,,{},,,,,,,0|i000if:,,EL Sprint 1,,,,,,,,Done
Verify the onclick of the course agenda icon,EL-85,10084,Test,Done,EL,E_Learning,software,Swadha Pankhudi,612ef7c26fa73c006a77d0d8,,Medium,Done,Swadha Pankhudi,612ef7c26fa73c006a77d0d8,Swadha Pankhudi,612ef7c26fa73c006a77d0d8,Swadha Pankhudi,612ef7c26fa73c006a77d0d8,06/Sep/21 5:18 PM,08/Sep/21 11:03 AM,08/Sep/21 10:33 AM,08/Sep/21 11:03 AM,,0,,,Swadha Pankhudi,612ef7c26fa73c006a77d0d8,,,,,,,,,,EL-84,,,,,,,,,,,,,,,,,,,,,,,,,,,{},,,,,,,0|i000i7:,,EL Sprint 1,,,,,,,,Done
verify the change of colour on hovering over the course agenda icon.,EL-84,10083,Test,Done,EL,E_Learning,software,Swadha Pankhudi,612ef7c26fa73c006a77d0d8,,Medium,Done,Swadha Pankhudi,612ef7c26fa73c006a77d0d8,Swadha Pankhudi,612ef7c26fa73c006a77d0d8,Swadha Pankhudi,612ef7c26fa73c006a77d0d8,06/Sep/21 5:09 PM,08/Sep/21 11:04 AM,09/Sep/21 10:26 AM,08/Sep/21 11:04 AM,,0,,,Swadha Pankhudi,612ef7c26fa73c006a77d0d8,,,,,,,,,,,,,,,,,,,,,,,,,,,,,,,,,,,,,{},,,,,,,0|i000hz:,,EL Sprint 1,,,,,,,,Done
Verify the onclick of the course name to be directed to the previous page,EL-83,10082,Test,Done,EL,E_Learning,software,Swadha Pankhudi,612ef7c26fa73c006a77d0d8,,Medium,Done,Swadha Pankhudi,612ef7c26fa73c006a77d0d8,Swadha Pankhudi,612ef7c26fa73c006a77d0d8,Swadha Pankhudi,612ef7c26fa73c006a77d0d8,06/Sep/21 5:01 PM,08/Sep/21 11:04 AM,09/Sep/21 10:26 AM,08/Sep/21 11:04 AM,,0,,,Swadha Pankhudi,612ef7c26fa73c006a77d0d8,,,,,,,,,,EL-82,,,,,,,,,,,,,,,,,,,,,,,,,,,{},,,,,,,0|i000hr:,,EL Sprint 1,,,,,,,,Done
Verify the change of colour on hovering over the users details,EL-82,10081,Test,Done,EL,E_Learning,software,Swadha Pankhudi,612ef7c26fa73c006a77d0d8,,Medium,Done,Swadha Pankhudi,612ef7c26fa73c006a77d0d8,Swadha Pankhudi,612ef7c26fa73c006a77d0d8,Swadha Pankhudi,612ef7c26fa73c006a77d0d8,06/Sep/21 4:57 PM,08/Sep/21 11:04 AM,09/Sep/21 10:26 AM,08/Sep/21 11:04 AM,,0,,,Swadha Pankhudi,612ef7c26fa73c006a77d0d8,,,,,,,,,,EL-81,,,,,,,,,,,,,,,,,,,,,,,,,,,{},,,,,,,0|i000hj:,,EL Sprint 1,,,,,,,,Done
Verify the onclick of next page arrow button and direction to the next page ,EL-81,10080,Test,Done,EL,E_Learning,software,Swadha Pankhudi,612ef7c26fa73c006a77d0d8,,Medium,Done,Swadha Pankhudi,612ef7c26fa73c006a77d0d8,Swadha Pankhudi,612ef7c26fa73c006a77d0d8,Swadha Pankhudi,612ef7c26fa73c006a77d0d8,06/Sep/21 4:51 PM,08/Sep/21 11:04 AM,09/Sep/21 10:26 AM,08/Sep/21 11:04 AM,,0,,,Swadha Pankhudi,612ef7c26fa73c006a77d0d8,,,,,,,,,,EL-80,,,,,,,,,,,,,,,,,,,,,,,,,,,{},,,,,,,0|i000hb:,,EL Sprint 1,,,,,,,,Done
Verify the onclicking of login in the user description column,EL-80,10079,Test,Done,EL,E_Learning,software,Swadha Pankhudi,612ef7c26fa73c006a77d0d8,,Medium,Done,Swadha Pankhudi,612ef7c26fa73c006a77d0d8,Swadha Pankhudi,612ef7c26fa73c006a77d0d8,Swadha Pankhudi,612ef7c26fa73c006a77d0d8,06/Sep/21 4:48 PM,08/Sep/21 11:04 AM,09/Sep/21 10:26 AM,08/Sep/21 11:04 AM,,0,,,Swadha Pankhudi,612ef7c26fa73c006a77d0d8,,,,,,,,,,EL-79,,,,,,,,,,,,,,,,,,,,,,,,,,,{},,,,,,,0|i000h3:,,EL Sprint 1,,,,,,,,Done
Verify after clicking the last name whether it is arranged in ascending order or not,EL-79,10078,Test,Done,EL,E_Learning,software,Swadha Pankhudi,612ef7c26fa73c006a77d0d8,,Medium,Done,Swadha Pankhudi,612ef7c26fa73c006a77d0d8,Swadha Pankhudi,612ef7c26fa73c006a77d0d8,Swadha Pankhudi,612ef7c26fa73c006a77d0d8,06/Sep/21 4:45 PM,08/Sep/21 11:04 AM,09/Sep/21 10:26 AM,08/Sep/21 11:04 AM,,0,,,Swadha Pankhudi,612ef7c26fa73c006a77d0d8,,,,,,,,,,EL-78,,,,,,,,,,,,,,,,,,,,,,,,,,,{},,,,,,,0|i000gv:,,EL Sprint 1,,,,,,,,Done
Verify the onclick of the last name in the user description column,EL-78,10077,Test,Done,EL,E_Learning,software,Swadha Pankhudi,612ef7c26fa73c006a77d0d8,,Medium,Done,Swadha Pankhudi,612ef7c26fa73c006a77d0d8,Swadha Pankhudi,612ef7c26fa73c006a77d0d8,Swadha Pankhudi,612ef7c26fa73c006a77d0d8,06/Sep/21 4:42 PM,08/Sep/21 11:04 AM,09/Sep/21 10:26 AM,08/Sep/21 11:04 AM,,0,,,Swadha Pankhudi,612ef7c26fa73c006a77d0d8,,,,,,,,,,EL-77,,,,,,,,,,,,,,,,,,,,,,,,,,,{},,,,,,,0|i000gn:,,EL Sprint 1,,,,,,,,Done
Verify after clicking the first name whether it is arranged in ascending order or not,EL-77,10076,Test,Done,EL,E_Learning,software,Swadha Pankhudi,612ef7c26fa73c006a77d0d8,,Medium,Done,Swadha Pankhudi,612ef7c26fa73c006a77d0d8,Swadha Pankhudi,612ef7c26fa73c006a77d0d8,Swadha Pankhudi,612ef7c26fa73c006a77d0d8,06/Sep/21 4:40 PM,08/Sep/21 11:05 AM,09/Sep/21 10:26 AM,08/Sep/21 11:05 AM,,0,,,Swadha Pankhudi,612ef7c26fa73c006a77d0d8,,,,,,,,,,EL-76,,,,,,,,,,,,,,,,,,,,,,,,,,,{},,,,,,,0|i000gf:,,EL Sprint 1,,,,,,,,Done
Verify the onclick of first name in the user description column,EL-76,10075,Test,Done,EL,E_Learning,software,Swadha Pankhudi,612ef7c26fa73c006a77d0d8,,Medium,Done,Swadha Pankhudi,612ef7c26fa73c006a77d0d8,Swadha Pankhudi,612ef7c26fa73c006a77d0d8,Swadha Pankhudi,612ef7c26fa73c006a77d0d8,06/Sep/21 4:37 PM,08/Sep/21 11:05 AM,09/Sep/21 10:26 AM,08/Sep/21 11:05 AM,,0,,,Swadha Pankhudi,612ef7c26fa73c006a77d0d8,,,,,,,,,,EL-75,,,,,,,,,,,,,,,,,,,,,,,,,,,{},,,,,,,0|i000g7:,,EL Sprint 1,,,,,,,,Done
 Verify the arrangement of code in ascending order onclick of code,EL-75,10074,Test,Done,EL,E_Learning,software,Swadha Pankhudi,612ef7c26fa73c006a77d0d8,,Medium,Done,Swadha Pankhudi,612ef7c26fa73c006a77d0d8,Swadha Pankhudi,612ef7c26fa73c006a77d0d8,Swadha Pankhudi,612ef7c26fa73c006a77d0d8,06/Sep/21 4:30 PM,08/Sep/21 11:05 AM,09/Sep/21 10:26 AM,08/Sep/21 11:05 AM,,0,,,Swadha Pankhudi,612ef7c26fa73c006a77d0d8,,,,,,,,,,EL-74,,,,,,,,,,,,,,,,,,,,,,,,,,,{},,,,,,,0|i000fz:,,EL Sprint 1,,,,,,,,Done
Verify the onclick of code in the user description,EL-74,10073,Test,Done,EL,E_Learning,software,Swadha Pankhudi,612ef7c26fa73c006a77d0d8,,Medium,Done,Swadha Pankhudi,612ef7c26fa73c006a77d0d8,Swadha Pankhudi,612ef7c26fa73c006a77d0d8,Swadha Pankhudi,612ef7c26fa73c006a77d0d8,06/Sep/21 4:26 PM,08/Sep/21 11:05 AM,08/Sep/21 11:06 AM,08/Sep/21 11:05 AM,,0,,,Swadha Pankhudi,612ef7c26fa73c006a77d0d8,,,,,,,,,,EL-73,,,,,,,,,,,,,,,,,,,,,,,,,,,{},,,,,,,0|i000fr:,,EL Sprint 1,,,,,,,,Done
Verify the onclick of the dropdown for selecting the no of users to be shown,EL-73,10072,Test,Done,EL,E_Learning,software,Swadha Pankhudi,612ef7c26fa73c006a77d0d8,,Medium,Done,Swadha Pankhudi,612ef7c26fa73c006a77d0d8,Swadha Pankhudi,612ef7c26fa73c006a77d0d8,Swadha Pankhudi,612ef7c26fa73c006a77d0d8,06/Sep/21 4:21 PM,08/Sep/21 11:06 AM,09/Sep/21 10:26 AM,08/Sep/21 11:06 AM,,0,,,Swadha Pankhudi,612ef7c26fa73c006a77d0d8,,,,,,,,,,EL-72,,,,,,,,,,,,,,,,,,,,,,,,,,,{},,,,,,,0|i000fj:,,EL Sprint 1,,,,,,,,Done
Verify the direction to user details page onclicking the user icon,EL-72,10071,Test,Done,EL,E_Learning,software,Swadha Pankhudi,612ef7c26fa73c006a77d0d8,,Medium,Done,Swadha Pankhudi,612ef7c26fa73c006a77d0d8,Swadha Pankhudi,612ef7c26fa73c006a77d0d8,Swadha Pankhudi,612ef7c26fa73c006a77d0d8,06/Sep/21 4:16 PM,08/Sep/21 11:06 AM,09/Sep/21 10:26 AM,08/Sep/21 11:06 AM,,0,,,Swadha Pankhudi,612ef7c26fa73c006a77d0d8,,,,,,,,,,EL-71,,,,,,,,,,,,,,,,,,,,,,,,,,,{},,,,,,,0|i000fb:,,EL Sprint 1,,,,,,,,Done
Verify the onclick of the user icon so as to access the details of diffeternt users,EL-71,10070,Test,Done,EL,E_Learning,software,Swadha Pankhudi,612ef7c26fa73c006a77d0d8,,Medium,Done,Swadha Pankhudi,612ef7c26fa73c006a77d0d8,Swadha Pankhudi,612ef7c26fa73c006a77d0d8,Swadha Pankhudi,612ef7c26fa73c006a77d0d8,06/Sep/21 4:13 PM,08/Sep/21 11:06 AM,09/Sep/21 10:26 AM,08/Sep/21 11:06 AM,,0,,,Swadha Pankhudi,612ef7c26fa73c006a77d0d8,,,,,,,,,,EL-70,,,,,,,,,,,,,,,,,,,,,,,,,,,{},,,,,,,0|i000f3:,,EL Sprint 1,,,,,,,,Done
verify the change of colour of the user icon on hovering over it,EL-70,10069,Test,Done,EL,E_Learning,software,Swadha Pankhudi,612ef7c26fa73c006a77d0d8,,Medium,Done,Swadha Pankhudi,612ef7c26fa73c006a77d0d8,Swadha Pankhudi,612ef7c26fa73c006a77d0d8,Swadha Pankhudi,612ef7c26fa73c006a77d0d8,06/Sep/21 4:00 PM,08/Sep/21 11:06 AM,09/Sep/21 10:26 AM,08/Sep/21 11:06 AM,,0,,,Swadha Pankhudi,612ef7c26fa73c006a77d0d8,,,,,,,,,,,,,,,,,,,,,,,,,,,,,,,,,,,,,{},,,,,,,0|i000ev:,,EL Sprint 1,,,,,,,,Done
Verify whether clicking on the course name returns to the previous page not .,EL-69,10068,Test,Done,EL,E_Learning,software,Swadha Pankhudi,612ef7c26fa73c006a77d0d8,,Medium,Done,Swadha Pankhudi,612ef7c26fa73c006a77d0d8,Swadha Pankhudi,612ef7c26fa73c006a77d0d8,Swadha Pankhudi,612ef7c26fa73c006a77d0d8,06/Sep/21 12:59 PM,08/Sep/21 11:05 AM,09/Sep/21 10:26 AM,08/Sep/21 11:05 AM,,0,,,Swadha Pankhudi,612ef7c26fa73c006a77d0d8,,,,,,,,,,EL-68,,,,,,,,,,,,,,,,,,,,,,,,,,,{},,,,,,,0|i000en:,,EL Sprint 1,,,,,,,,Done
Verify whether the announcements to be made are visible or not,EL-68,10067,Test,Done,EL,E_Learning,software,Swadha Pankhudi,612ef7c26fa73c006a77d0d8,,Medium,Done,Swadha Pankhudi,612ef7c26fa73c006a77d0d8,Swadha Pankhudi,612ef7c26fa73c006a77d0d8,Swadha Pankhudi,612ef7c26fa73c006a77d0d8,06/Sep/21 12:55 PM,08/Sep/21 11:06 AM,08/Sep/21 10:59 AM,08/Sep/21 11:06 AM,,0,,,Swadha Pankhudi,612ef7c26fa73c006a77d0d8,,,,,,,,,,EL-67,,,,,,,,,,,,,,,,,,,,,,,,,,,{},,,,,,,0|i000ef:,,EL Sprint 1,,,,,,,,Done
verify onclick of the button directs to the announcement page,EL-67,10066,Test,Done,EL,E_Learning,software,Swadha Pankhudi,612ef7c26fa73c006a77d0d8,,Medium,Done,Swadha Pankhudi,612ef7c26fa73c006a77d0d8,Swadha Pankhudi,612ef7c26fa73c006a77d0d8,Swadha Pankhudi,612ef7c26fa73c006a77d0d8,06/Sep/21 12:52 PM,08/Sep/21 11:06 AM,09/Sep/21 10:26 AM,08/Sep/21 11:06 AM,,0,,,Swadha Pankhudi,612ef7c26fa73c006a77d0d8,,,,,,,,,,EL-66,,,,,,,,,,,,,,,,,,,,,,,,,,,{},,,,,,,0|i000e7:,,EL Sprint 1,,,,,,,,Done
Verify the onclick of the announcement icon,EL-66,10065,Test,Done,EL,E_Learning,software,Swadha Pankhudi,612ef7c26fa73c006a77d0d8,,Medium,Done,Swadha Pankhudi,612ef7c26fa73c006a77d0d8,Swadha Pankhudi,612ef7c26fa73c006a77d0d8,Swadha Pankhudi,612ef7c26fa73c006a77d0d8,06/Sep/21 12:50 PM,08/Sep/21 11:05 AM,09/Sep/21 10:26 AM,08/Sep/21 11:05 AM,,0,,,Swadha Pankhudi,612ef7c26fa73c006a77d0d8,,,,,,,,,,EL-65,,,,,,,,,,,,,,,,,,,,,,,,,,,{},,,,,,,0|i000dz:,,EL Sprint 1,,,,,,,,Done
verify the change of colour of the announcement icon on hovering over it,EL-65,10064,Test,Done,EL,E_Learning,software,Swadha Pankhudi,612ef7c26fa73c006a77d0d8,,Medium,Done,Swadha Pankhudi,612ef7c26fa73c006a77d0d8,Swadha Pankhudi,612ef7c26fa73c006a77d0d8,Swadha Pankhudi,612ef7c26fa73c006a77d0d8,06/Sep/21 12:45 PM,08/Sep/21 11:05 AM,09/Sep/21 10:26 AM,08/Sep/21 11:05 AM,,0,,,Swadha Pankhudi,612ef7c26fa73c006a77d0d8,,,,,,,,,,,,,,,,,,,,,,,,,,,,,,,,,,,,,{},,,,,,,0|i000dr:,,EL Sprint 1,,,,,,,,Done
Verify the direction to previous page on clicking the course name,EL-64,10063,Test,Done,EL,E_Learning,software,Swadha Pankhudi,612ef7c26fa73c006a77d0d8,,Medium,Done,Swadha Pankhudi,612ef7c26fa73c006a77d0d8,Swadha Pankhudi,612ef7c26fa73c006a77d0d8,Swadha Pankhudi,612ef7c26fa73c006a77d0d8,06/Sep/21 12:07 PM,08/Sep/21 11:05 AM,09/Sep/21 10:26 AM,08/Sep/21 11:05 AM,,0,,,Swadha Pankhudi,612ef7c26fa73c006a77d0d8,,,,,,,,,,EL-62,,,,,,,,,,,,,,,,,,,,,,,,,,,{},,,,,,,0|i000dj:,,EL Sprint 1,,,,,,,,Done
a user is not able to access the links after navigating to links description page,EL-63,10062,Bug,To Do,EL,E_Learning,software,Swadha Pankhudi,612ef7c26fa73c006a77d0d8,,Medium,,Swadha Pankhudi,612ef7c26fa73c006a77d0d8,Swadha Pankhudi,612ef7c26fa73c006a77d0d8,Swadha Pankhudi,612ef7c26fa73c006a77d0d8,06/Sep/21 12:03 PM,08/Sep/21 11:21 AM,08/Sep/21 11:21 AM,,,0,"steps to reach there

# click on my courses
# go to desired course after subscription
# go to links
# click on links icon

expected result:

the user should be able to see the course related links in the links page

actual result:

!image-20210906-063612.png|width=1356,height=640!",,Swadha Pankhudi,612ef7c26fa73c006a77d0d8,,,,,,,,,,,,,,,,,,,,,,,,,,,,,,,06/Sep/21 12:06 PM;ug:5125af2d-9273-4d10-98d0-f8d20341b41d;image-20210906-063612.png;https://elearning07.atlassian.net/secure/attachment/10003/image-20210906-063612.png,,,,,,{},,,,,,,0|i000db:,,EL Sprint 1,,,,,,,,To Do
verify the direction to the links description page,EL-62,10061,Test,Blocked,EL,E_Learning,software,Swadha Pankhudi,612ef7c26fa73c006a77d0d8,,Medium,,Swadha Pankhudi,612ef7c26fa73c006a77d0d8,Swadha Pankhudi,612ef7c26fa73c006a77d0d8,Swadha Pankhudi,612ef7c26fa73c006a77d0d8,06/Sep/21 12:01 PM,08/Sep/21 11:05 AM,07/Sep/21 12:49 PM,,,0,,,Swadha Pankhudi,612ef7c26fa73c006a77d0d8,,,,,,,,,,EL-61,EL-63,,,,,,,,,,,,,,,,,,,,,,,,,,{},,,,,,,0|i000d3:,,EL Sprint 1,,,,,,,,To Do
Verify the onclick of the links icon,EL-61,10060,Test,Done,EL,E_Learning,software,Swadha Pankhudi,612ef7c26fa73c006a77d0d8,,Medium,Done,Swadha Pankhudi,612ef7c26fa73c006a77d0d8,Swadha Pankhudi,612ef7c26fa73c006a77d0d8,Swadha Pankhudi,612ef7c26fa73c006a77d0d8,06/Sep/21 11:43 AM,08/Sep/21 11:06 AM,09/Sep/21 10:26 AM,08/Sep/21 11:06 AM,,0,,,Swadha Pankhudi,612ef7c26fa73c006a77d0d8,,,,,,,,,,EL-60,,,,,,,,,,,,,,,,,,,,,,,,,,,{},,,,,,,0|i000cv:,,EL Sprint 1,,,,,,,,Done
verify the change of colour on hovering over the links icon in my course description page,EL-60,10059,Test,Done,EL,E_Learning,software,Swadha Pankhudi,612ef7c26fa73c006a77d0d8,,Medium,Done,Swadha Pankhudi,612ef7c26fa73c006a77d0d8,Swadha Pankhudi,612ef7c26fa73c006a77d0d8,Swadha Pankhudi,612ef7c26fa73c006a77d0d8,06/Sep/21 11:38 AM,08/Sep/21 11:07 AM,09/Sep/21 10:26 AM,08/Sep/21 11:07 AM,,0,,,Swadha Pankhudi,612ef7c26fa73c006a77d0d8,,,,,,,,,,,,,,,,,,,,,,,,,,,,,,,,,,,,,{},,,,,,,0|i000cn:,,EL Sprint 1,,,,,,,,Done
verify a user is directed backto the my courses description page after clicking on the course name,EL-59,10058,Test,Done,EL,E_Learning,software,Swadha Pankhudi,612ef7c26fa73c006a77d0d8,,Medium,Done,Swadha Pankhudi,612ef7c26fa73c006a77d0d8,Swadha Pankhudi,612ef7c26fa73c006a77d0d8,Swadha Pankhudi,612ef7c26fa73c006a77d0d8,06/Sep/21 11:30 AM,08/Sep/21 11:07 AM,09/Sep/21 10:26 AM,08/Sep/21 11:07 AM,,0,,,Swadha Pankhudi,612ef7c26fa73c006a77d0d8,,,,,,,,,,EL-57,,,,,,,,,,,,,,,,,,,,,,,,,,,{},,,,,,,0|i000cf:,,EL Sprint 1,,,,,,,,Done
A user is not able to see the description of the learning path,EL-58,10057,Bug,To Do,EL,E_Learning,software,Swadha Pankhudi,612ef7c26fa73c006a77d0d8,,Medium,,Swadha Pankhudi,612ef7c26fa73c006a77d0d8,Swadha Pankhudi,612ef7c26fa73c006a77d0d8,Swadha Pankhudi,612ef7c26fa73c006a77d0d8,06/Sep/21 11:25 AM,08/Sep/21 11:21 AM,08/Sep/21 11:21 AM,,,0,"Steps to reproduce:

# go to my courses
# click on the course
# go to my learning path icon
# click on my learning path icon

expected result:

the user should be able to see the learning path details

actual result:

!image-20210906-055839.png|width=1328,height=598!",,Swadha Pankhudi,612ef7c26fa73c006a77d0d8,,,,,,,,,,,,,,,,,,,,,,,,,,,,,,,06/Sep/21 11:28 AM;ug:5125af2d-9273-4d10-98d0-f8d20341b41d;image-20210906-055839.png;https://elearning07.atlassian.net/secure/attachment/10002/image-20210906-055839.png,,,,,,{},,,,,,,0|i000c7:,,EL Sprint 1,,,,,,,,To Do
Verify that the user is directed to the learning path description on clicking the learning path icon,EL-57,10056,Test,Blocked,EL,E_Learning,software,Swadha Pankhudi,612ef7c26fa73c006a77d0d8,,Medium,,Swadha Pankhudi,612ef7c26fa73c006a77d0d8,Swadha Pankhudi,612ef7c26fa73c006a77d0d8,Swadha Pankhudi,612ef7c26fa73c006a77d0d8,06/Sep/21 11:14 AM,08/Sep/21 11:08 AM,09/Sep/21 10:26 AM,,,0,,,Swadha Pankhudi,612ef7c26fa73c006a77d0d8,,,,,,,,,,EL-56,EL-58,,,,,,,,,,,,,,,,,,,,,,,,,,{},,,,,,,0|i000bz:,,EL Sprint 1,,,,,,,,To Do
Verify the onclick of the learning path icon,EL-56,10055,Test,Done,EL,E_Learning,software,Swadha Pankhudi,612ef7c26fa73c006a77d0d8,,Medium,Done,Swadha Pankhudi,612ef7c26fa73c006a77d0d8,Swadha Pankhudi,612ef7c26fa73c006a77d0d8,Swadha Pankhudi,612ef7c26fa73c006a77d0d8,06/Sep/21 10:55 AM,08/Sep/21 11:10 AM,09/Sep/21 10:26 AM,08/Sep/21 11:10 AM,,0,,,Swadha Pankhudi,612ef7c26fa73c006a77d0d8,,,,,,,,,,EL-55,,,,,,,,,,,,,,,,,,,,,,,,,,,{},,,,,,,0|i000br:,,EL Sprint 1,,,,,,,,Done
Verify the bulging of the  icon on hovering over learningpath icon,EL-55,10054,Test,Done,EL,E_Learning,software,Swadha Pankhudi,612ef7c26fa73c006a77d0d8,,Medium,Done,Swadha Pankhudi,612ef7c26fa73c006a77d0d8,Swadha Pankhudi,612ef7c26fa73c006a77d0d8,Swadha Pankhudi,612ef7c26fa73c006a77d0d8,06/Sep/21 10:28 AM,08/Sep/21 11:10 AM,09/Sep/21 10:26 AM,08/Sep/21 11:10 AM,,0,,,Swadha Pankhudi,612ef7c26fa73c006a77d0d8,,,,,,,,,,,,,,,,,,,,,,,,,,,,,,,,,,,,,{},,,,,,,0|i000bj:,,EL Sprint 1,,,,,,,,Done
A user is not able to see the course details in the course details page,EL-54,10053,Bug,To Do,EL,E_Learning,software,Swadha Pankhudi,612ef7c26fa73c006a77d0d8,,Medium,,Swadha Pankhudi,612ef7c26fa73c006a77d0d8,Swadha Pankhudi,612ef7c26fa73c006a77d0d8,Swadha Pankhudi,612ef7c26fa73c006a77d0d8,06/Sep/21 10:01 AM,08/Sep/21 11:20 AM,08/Sep/21 11:20 AM,,,0,"Steps to reproduce:

# go to my courses
# go to course description icon
# click on that

Expected result: 

The course description should be visible

Actual Result

!image-20210906-043540.png|width=1289,height=575!

 ",,Swadha Pankhudi,612ef7c26fa73c006a77d0d8,,,,,,,,,,,,,,,,,,,,,,,,,,,,,,,06/Sep/21 10:05 AM;ug:5125af2d-9273-4d10-98d0-f8d20341b41d;image-20210906-043540.png;https://elearning07.atlassian.net/secure/attachment/10001/image-20210906-043540.png,,,,,,{},,,,,,,0|i000bb:,,EL Sprint 1,,,,,,,,To Do
Verify the onclick of the course description icon and direction to the course description page,EL-53,10052,Test,Blocked,EL,E_Learning,software,Swadha Pankhudi,612ef7c26fa73c006a77d0d8,,Medium,,Swadha Pankhudi,612ef7c26fa73c006a77d0d8,Swadha Pankhudi,612ef7c26fa73c006a77d0d8,Swadha Pankhudi,612ef7c26fa73c006a77d0d8,06/Sep/21 9:58 AM,08/Sep/21 11:10 AM,08/Sep/21 10:29 AM,,,0,,,Swadha Pankhudi,612ef7c26fa73c006a77d0d8,,,,,,,,,,EL-52,EL-54,,,,,,,,,,,,,,,,,,,,,,,,,,{},,,,,,,0|i000b3:,,EL Sprint 1,,,,,,,,To Do
Verify the bulging of course description icon on hovering of the icon ,EL-52,10051,Test,Done,EL,E_Learning,software,Swadha Pankhudi,612ef7c26fa73c006a77d0d8,,Medium,Done,Swadha Pankhudi,612ef7c26fa73c006a77d0d8,Swadha Pankhudi,612ef7c26fa73c006a77d0d8,Swadha Pankhudi,612ef7c26fa73c006a77d0d8,06/Sep/21 9:49 AM,08/Sep/21 11:12 AM,09/Sep/21 10:26 AM,08/Sep/21 11:12 AM,,0,,,Swadha Pankhudi,612ef7c26fa73c006a77d0d8,,,,,,,,,,,,,,,,,,,,,,,,,,,,,,,,,,,,,{},,,,,,,0|i000av:,,EL Sprint 1,,,,,,,,Done
Verify the appearence of dropdown for the subject field if the message has been sent more than once,EL-51,10050,Test,Done,EL,E_Learning,software,Swadha Pankhudi,612ef7c26fa73c006a77d0d8,,Medium,Done,Swadha Pankhudi,612ef7c26fa73c006a77d0d8,Swadha Pankhudi,612ef7c26fa73c006a77d0d8,Swadha Pankhudi,612ef7c26fa73c006a77d0d8,06/Sep/21 9:21 AM,08/Sep/21 11:12 AM,09/Sep/21 10:26 AM,08/Sep/21 11:12 AM,,0,,,Swadha Pankhudi,612ef7c26fa73c006a77d0d8,,,,,,,,,,EL-50,,,,,,,,,,,,,,,,,,,,,,,,,,,{},,,,,,,0|i000an:,,EL Sprint 1,,,,,,,,Done
Verify the change of colour on hovering over the send message button,EL-50,10049,Test,Done,EL,E_Learning,software,Swadha Pankhudi,612ef7c26fa73c006a77d0d8,,Medium,Done,Swadha Pankhudi,612ef7c26fa73c006a77d0d8,Swadha Pankhudi,612ef7c26fa73c006a77d0d8,Swadha Pankhudi,612ef7c26fa73c006a77d0d8,03/Sep/21 4:48 PM,08/Sep/21 11:12 AM,07/Sep/21 12:20 PM,08/Sep/21 11:12 AM,,0,,,Swadha Pankhudi,612ef7c26fa73c006a77d0d8,,,,,,,,,,EL-49,,,,,,,,,,,,,,,,,,,,,,,,,,,{},,,,,,,0|i000af:,,EL Sprint 1,,,,,,,,Done
Verify the onclicking of the send message button,EL-49,10048,Test,Done,EL,E_Learning,software,Swadha Pankhudi,612ef7c26fa73c006a77d0d8,,Medium,Done,Swadha Pankhudi,612ef7c26fa73c006a77d0d8,Swadha Pankhudi,612ef7c26fa73c006a77d0d8,Swadha Pankhudi,612ef7c26fa73c006a77d0d8,03/Sep/21 4:43 PM,08/Sep/21 11:12 AM,07/Sep/21 12:20 PM,08/Sep/21 11:12 AM,,0,,,Swadha Pankhudi,612ef7c26fa73c006a77d0d8,,,,,,,,,,EL-48,,,,,,,,,,,,,,,,,,,,,,,,,,,{},,,,,,,0|i000a7:,,EL Sprint 1,,,,,,,,Done
Verify the message  feild with constraints,EL-48,10047,Test,Done,EL,E_Learning,software,Swadha Pankhudi,612ef7c26fa73c006a77d0d8,,Medium,Done,Swadha Pankhudi,612ef7c26fa73c006a77d0d8,Swadha Pankhudi,612ef7c26fa73c006a77d0d8,Swadha Pankhudi,612ef7c26fa73c006a77d0d8,03/Sep/21 4:38 PM,08/Sep/21 11:12 AM,07/Sep/21 12:21 PM,08/Sep/21 11:12 AM,,0,,,Swadha Pankhudi,612ef7c26fa73c006a77d0d8,,,,,,,,,,EL-47,,,,,,,,,,,,,,,,,,,,,,,,,,,{},,,,,,,0|i0009z:,,EL Sprint 1,,,,,,,,Done
Verify the subject feild with constraints,EL-47,10046,Test,Done,EL,E_Learning,software,Swadha Pankhudi,612ef7c26fa73c006a77d0d8,,Medium,Done,Swadha Pankhudi,612ef7c26fa73c006a77d0d8,Swadha Pankhudi,612ef7c26fa73c006a77d0d8,Swadha Pankhudi,612ef7c26fa73c006a77d0d8,03/Sep/21 4:25 PM,08/Sep/21 11:11 AM,09/Sep/21 10:26 AM,08/Sep/21 11:11 AM,,0,,,Swadha Pankhudi,612ef7c26fa73c006a77d0d8,,,,,,,,,,EL-46,,,,,,,,,,,,,,,,,,,,,,,,,,,{},,,,,,,0|i0009r:,,EL Sprint 1,,,,,,,,Done
verify the onclicking of name of the facaulty,EL-46,10045,Test,Done,EL,E_Learning,software,Swadha Pankhudi,612ef7c26fa73c006a77d0d8,,Medium,Done,Swadha Pankhudi,612ef7c26fa73c006a77d0d8,Swadha Pankhudi,612ef7c26fa73c006a77d0d8,Swadha Pankhudi,612ef7c26fa73c006a77d0d8,03/Sep/21 4:17 PM,08/Sep/21 11:11 AM,07/Sep/21 12:24 PM,08/Sep/21 11:11 AM,,0,,,Swadha Pankhudi,612ef7c26fa73c006a77d0d8,,,,,,,,,,EL-45,,,,,,,,,,,,,,,,,,,,,,,,,,,{},,,,,,,0|i0009j:,,EL Sprint 1,,,,,,,,Done
Verify the appearing of a message dialogue box,EL-45,10044,Test,Done,EL,E_Learning,software,Swadha Pankhudi,612ef7c26fa73c006a77d0d8,,Medium,Done,Swadha Pankhudi,612ef7c26fa73c006a77d0d8,Swadha Pankhudi,612ef7c26fa73c006a77d0d8,Swadha Pankhudi,612ef7c26fa73c006a77d0d8,03/Sep/21 4:02 PM,08/Sep/21 11:05 AM,07/Sep/21 12:23 PM,08/Sep/21 11:05 AM,,0,,,Swadha Pankhudi,612ef7c26fa73c006a77d0d8,,,,,,,,,,EL-44,,,,,,,,,,,,,,,,,,,,,,,,,,,{},,,,,,,0|i00099:,,EL Sprint 1,,,,,,,,Done
Verify the oncliclicking of the course facaulty name .,EL-44,10043,Test,Done,EL,E_Learning,software,Swadha Pankhudi,612ef7c26fa73c006a77d0d8,,Medium,Done,Swadha Pankhudi,612ef7c26fa73c006a77d0d8,Swadha Pankhudi,612ef7c26fa73c006a77d0d8,Swadha Pankhudi,612ef7c26fa73c006a77d0d8,03/Sep/21 3:51 PM,08/Sep/21 11:08 AM,07/Sep/21 12:23 PM,08/Sep/21 11:08 AM,,0,,,Swadha Pankhudi,612ef7c26fa73c006a77d0d8,,,,,,,,,,EL-43,,,,,,,,,,,,,,,,,,,,,,,,,,,{},,,,,,,0|i00093:,,EL Sprint 1,,,,,,,,Done
Verify the change of the colour of the bordor of the image icon on hovering over it,EL-43,10042,Test,Done,EL,E_Learning,software,Swadha Pankhudi,612ef7c26fa73c006a77d0d8,,Medium,Done,Swadha Pankhudi,612ef7c26fa73c006a77d0d8,Swadha Pankhudi,612ef7c26fa73c006a77d0d8,Swadha Pankhudi,612ef7c26fa73c006a77d0d8,03/Sep/21 3:46 PM,08/Sep/21 11:11 AM,07/Sep/21 12:23 PM,08/Sep/21 11:11 AM,,0,,,Swadha Pankhudi,612ef7c26fa73c006a77d0d8,,,,,,,,,,EL-42,,,,,,,,,,,,,,,,,,,,,,,,,,,{},,,,,,,0|i0008v:,,EL Sprint 1,,,,,,,,Done
Verify the onclick of the course image icon,EL-42,10041,Test,Done,EL,E_Learning,software,Swadha Pankhudi,612ef7c26fa73c006a77d0d8,,Medium,Done,Swadha Pankhudi,612ef7c26fa73c006a77d0d8,Swadha Pankhudi,612ef7c26fa73c006a77d0d8,Swadha Pankhudi,612ef7c26fa73c006a77d0d8,03/Sep/21 3:42 PM,08/Sep/21 11:11 AM,07/Sep/21 12:23 PM,08/Sep/21 11:11 AM,,0,,,Swadha Pankhudi,612ef7c26fa73c006a77d0d8,,,,,,,,,,EL-41,,,,,,,,,,,,,,,,,,,,,,,,,,,{},,,,,,,0|i0008n:,,EL Sprint 1,,,,,,,,Done
Verify the change of colour on hovering of the course name,EL-41,10040,Test,Done,EL,E_Learning,software,Swadha Pankhudi,612ef7c26fa73c006a77d0d8,,Medium,Done,Swadha Pankhudi,612ef7c26fa73c006a77d0d8,Swadha Pankhudi,612ef7c26fa73c006a77d0d8,Swadha Pankhudi,612ef7c26fa73c006a77d0d8,03/Sep/21 3:37 PM,08/Sep/21 11:11 AM,07/Sep/21 12:22 PM,08/Sep/21 11:11 AM,,0,,,Swadha Pankhudi,612ef7c26fa73c006a77d0d8,,,,,,,,,,EL-40,,,,,,,,,,,,,,,,,,,,,,,,,,,{},,,,,,,0|i0008f:,,EL Sprint 1,,,,,,,,Done
Verify the course name onclicking as a link to be connected to the course details page,EL-40,10039,Test,Done,EL,E_Learning,software,Swadha Pankhudi,612ef7c26fa73c006a77d0d8,,Medium,Done,Swadha Pankhudi,612ef7c26fa73c006a77d0d8,Swadha Pankhudi,612ef7c26fa73c006a77d0d8,Swadha Pankhudi,612ef7c26fa73c006a77d0d8,03/Sep/21 3:32 PM,08/Sep/21 11:11 AM,07/Sep/21 12:22 PM,08/Sep/21 11:11 AM,,0,,,Swadha Pankhudi,612ef7c26fa73c006a77d0d8,,,,,,,,,,EL-39,,,,,,,,,,,,,,,,,,,,,,,,,,,{},,,,,,,0|i00087:,,EL Sprint 1,,,,,,,,Done
Verify after clicking on the my course button the user is directed to course details page,EL-39,10038,Test,Done,EL,E_Learning,software,Swadha Pankhudi,612ef7c26fa73c006a77d0d8,,Medium,Done,Swadha Pankhudi,612ef7c26fa73c006a77d0d8,Swadha Pankhudi,612ef7c26fa73c006a77d0d8,Swadha Pankhudi,612ef7c26fa73c006a77d0d8,03/Sep/21 3:17 PM,08/Sep/21 11:11 AM,07/Sep/21 12:21 PM,08/Sep/21 11:11 AM,,0,,,Swadha Pankhudi,612ef7c26fa73c006a77d0d8,,,,,,,,,,EL-38,,,,,,,,,,,,,,,,,,,,,,,,,,,{},,,,,,,0|i0007z:,,EL Sprint 1,,,,,,,,Done
Verify the change of colour on hovering of the my course button .,EL-38,10037,Test,Done,EL,E_Learning,software,Swadha Pankhudi,612ef7c26fa73c006a77d0d8,,Medium,Done,Swadha Pankhudi,612ef7c26fa73c006a77d0d8,Swadha Pankhudi,612ef7c26fa73c006a77d0d8,Swadha Pankhudi,612ef7c26fa73c006a77d0d8,03/Sep/21 3:13 PM,08/Sep/21 11:11 AM,07/Sep/21 12:21 PM,08/Sep/21 11:11 AM,,0,,,Swadha Pankhudi,612ef7c26fa73c006a77d0d8,,,,,,,,,,EL-37,,,,,,,,,,,,,,,,,,,,,,,,,,,{},,,,,,,0|i0007r:,,EL Sprint 1,,,,,,,,Done
Verify the onclick of my courses button whether its working or not,EL-37,10036,Test,Done,EL,E_Learning,software,Swadha Pankhudi,612ef7c26fa73c006a77d0d8,,Medium,Done,Swadha Pankhudi,612ef7c26fa73c006a77d0d8,Swadha Pankhudi,612ef7c26fa73c006a77d0d8,Swadha Pankhudi,612ef7c26fa73c006a77d0d8,03/Sep/21 3:05 PM,08/Sep/21 11:11 AM,07/Sep/21 12:21 PM,08/Sep/21 11:11 AM,,0,,,Swadha Pankhudi,612ef7c26fa73c006a77d0d8,,,,,,,,,,,,,,,,,,,,,,,,,,,,,,,,,,,,,{},,,,,,,0|i0007j:,,EL Sprint 1,,,,,,,,Done
Verify the onclick of the share with friends buttons,EL-36,10035,Test,Done,EL,E_Learning,software,Swadha Pankhudi,612ef7c26fa73c006a77d0d8,,Medium,Done,Swadha Pankhudi,612ef7c26fa73c006a77d0d8,Swadha Pankhudi,612ef7c26fa73c006a77d0d8,Swadha Pankhudi,612ef7c26fa73c006a77d0d8,03/Sep/21 12:56 PM,08/Sep/21 11:10 AM,09/Sep/21 10:26 AM,08/Sep/21 11:10 AM,,0,,,Swadha Pankhudi,612ef7c26fa73c006a77d0d8,,,,,,,,,,EL-35,,,,,,,,,,,,,,,,,,,,,,,,,,,{},,,,,,,0|i0007b:,,EL Sprint 1,,,,,,,,Done
Verify the change of colour on hovering over the social media sites for connecting with the friends,EL-35,10034,Test,Done,EL,E_Learning,software,Swadha Pankhudi,612ef7c26fa73c006a77d0d8,,Medium,Done,Swadha Pankhudi,612ef7c26fa73c006a77d0d8,Swadha Pankhudi,612ef7c26fa73c006a77d0d8,Swadha Pankhudi,612ef7c26fa73c006a77d0d8,03/Sep/21 12:51 PM,08/Sep/21 10:58 AM,07/Sep/21 12:22 PM,08/Sep/21 10:58 AM,,0,,,Swadha Pankhudi,612ef7c26fa73c006a77d0d8,,,,,,,,,,EL-34,,,,,,,,,,,,,,,,,,,,,,,,,,,{},,,,,,,0|i00073:,,EL Sprint 1,,,,,,,,Done
Verify the change of colour on hovering over the course home button,EL-34,10033,Test,Done,EL,E_Learning,software,Swadha Pankhudi,612ef7c26fa73c006a77d0d8,,Medium,Done,Swadha Pankhudi,612ef7c26fa73c006a77d0d8,Swadha Pankhudi,612ef7c26fa73c006a77d0d8,Swadha Pankhudi,612ef7c26fa73c006a77d0d8,03/Sep/21 12:45 PM,08/Sep/21 10:58 AM,09/Sep/21 10:26 AM,08/Sep/21 10:58 AM,,0,,,Swadha Pankhudi,612ef7c26fa73c006a77d0d8,,,,,,,,,,EL-31,,,,,,,,,,,,,,,,,,,,,,,,,,,{},,,,,,,0|i0006v:,,EL Sprint 1,,,,,,,,Done
After the onclick of the course home button the user should be directed to the course details,EL-32,10031,Test,Done,EL,E_Learning,software,Swadha Pankhudi,612ef7c26fa73c006a77d0d8,,Medium,Done,Swadha Pankhudi,612ef7c26fa73c006a77d0d8,Swadha Pankhudi,612ef7c26fa73c006a77d0d8,Swadha Pankhudi,612ef7c26fa73c006a77d0d8,03/Sep/21 12:41 PM,08/Sep/21 10:58 AM,09/Sep/21 10:26 AM,08/Sep/21 10:58 AM,,0,,,Swadha Pankhudi,612ef7c26fa73c006a77d0d8,,,,,,,,,,EL-31,,,,,,,,,,,,,,,,,,,,,,,,,,,{},,,,,,,0|i0006n:,,EL Sprint 1,,,,,,,,Done
Verify the onclick of the course home button,EL-31,10030,Test,Done,EL,E_Learning,software,Swadha Pankhudi,612ef7c26fa73c006a77d0d8,,Medium,Done,Swadha Pankhudi,612ef7c26fa73c006a77d0d8,Swadha Pankhudi,612ef7c26fa73c006a77d0d8,Swadha Pankhudi,612ef7c26fa73c006a77d0d8,03/Sep/21 12:20 PM,08/Sep/21 10:58 AM,09/Sep/21 10:26 AM,08/Sep/21 10:58 AM,,0,,,Swadha Pankhudi,612ef7c26fa73c006a77d0d8,,,,,,,,,,,,,,,,,,,,,,,,,,,,,,,,,,,,,{},,,,,,,0|i0006f:,,EL Sprint 1,,,,,,,,Done
A user is not able to see the course details after navigating to the course details page,EL-30,10029,Bug,To Do,EL,E_Learning,software,Swadha Pankhudi,612ef7c26fa73c006a77d0d8,,Medium,,Swadha Pankhudi,612ef7c26fa73c006a77d0d8,Swadha Pankhudi,612ef7c26fa73c006a77d0d8,Swadha Pankhudi,612ef7c26fa73c006a77d0d8,03/Sep/21 12:10 PM,08/Sep/21 3:29 PM,08/Sep/21 3:32 PM,,,0,"Steps to Reproduce:

# go to the homepage
# click on the course icon after subscription
# go to the course details

Expected result:

the course details should be displayed to the user

Course description is missing

!image-20210903-064905.png|width=1226,height=572!",,Swadha Pankhudi,612ef7c26fa73c006a77d0d8,,,,,,,,,,,,,,,,,,,,,,,,,,,,,,,03/Sep/21 12:19 PM;ug:5125af2d-9273-4d10-98d0-f8d20341b41d;image-20210903-064905.png;https://elearning07.atlassian.net/secure/attachment/10000/image-20210903-064905.png,,,,,,{},,,,,,,0|i00067:,,EL Sprint 1,,,,,,,,To Do
verify after direction to the course details page,EL-29,10028,Test,Blocked,EL,E_Learning,software,Swadha Pankhudi,612ef7c26fa73c006a77d0d8,,Medium,,Swadha Pankhudi,612ef7c26fa73c006a77d0d8,Swadha Pankhudi,612ef7c26fa73c006a77d0d8,Swadha Pankhudi,612ef7c26fa73c006a77d0d8,03/Sep/21 12:02 PM,08/Sep/21 10:58 AM,07/Sep/21 12:54 PM,,,0,,,Swadha Pankhudi,612ef7c26fa73c006a77d0d8,,,,,,,,,,EL-28,EL-30,,,,,,,,,,,,,,,,,,,,,,,,,,{},,,,,,,0|i0005z:,,EL Sprint 1,,,,,,,,To Do
Verify the onclick of the whole course icon,EL-28,10027,Test,Done,EL,E_Learning,software,Swadha Pankhudi,612ef7c26fa73c006a77d0d8,,Medium,Done,Swadha Pankhudi,612ef7c26fa73c006a77d0d8,Swadha Pankhudi,612ef7c26fa73c006a77d0d8,Swadha Pankhudi,612ef7c26fa73c006a77d0d8,03/Sep/21 12:00 PM,08/Sep/21 10:57 AM,09/Sep/21 10:26 AM,08/Sep/21 10:57 AM,,0,,,Swadha Pankhudi,612ef7c26fa73c006a77d0d8,,,,,,,,,,EL-27,,,,,,,,,,,,,,,,,,,,,,,,,,,{},,,,,,,0|i0005r:,,EL Sprint 1,,,,,,,,Done
Verify the bulge out of the course icon in homepage on hovering .,EL-27,10026,Test,Done,EL,E_Learning,software,Swadha Pankhudi,612ef7c26fa73c006a77d0d8,,Medium,Done,Swadha Pankhudi,612ef7c26fa73c006a77d0d8,Swadha Pankhudi,612ef7c26fa73c006a77d0d8,Swadha Pankhudi,612ef7c26fa73c006a77d0d8,03/Sep/21 11:53 AM,08/Sep/21 10:57 AM,09/Sep/21 10:26 AM,08/Sep/21 10:57 AM,,0,,,Swadha Pankhudi,612ef7c26fa73c006a77d0d8,,,,,,,,,,,,,,,,,,,,,,,,,,,,,,,,,,,,,{},,,,,,,0|i0005j:,,EL Sprint 1,,,,,,,,Done
verify the change of colour on hovering over the descriptopn button,EL-26,10025,Test,Done,EL,E_Learning,software,Swadha Pankhudi,612ef7c26fa73c006a77d0d8,,Medium,Done,Swadha Pankhudi,612ef7c26fa73c006a77d0d8,Swadha Pankhudi,612ef7c26fa73c006a77d0d8,Swadha Pankhudi,612ef7c26fa73c006a77d0d8,03/Sep/21 11:40 AM,08/Sep/21 10:57 AM,09/Sep/21 10:26 AM,08/Sep/21 10:57 AM,,0,,,Swadha Pankhudi,612ef7c26fa73c006a77d0d8,,,,,,,,,,EL-25,,,,,,,,,,,,,,,,,,,,,,,,,,,{},,,,,,,0|i0005b:,,EL Sprint 1,,,,,,,,Done
Verify the description button working,EL-25,10024,Test,Done,EL,E_Learning,software,Swadha Pankhudi,612ef7c26fa73c006a77d0d8,,Medium,Done,Swadha Pankhudi,612ef7c26fa73c006a77d0d8,Swadha Pankhudi,612ef7c26fa73c006a77d0d8,Swadha Pankhudi,612ef7c26fa73c006a77d0d8,03/Sep/21 11:37 AM,08/Sep/21 10:57 AM,07/Sep/21 12:25 PM,08/Sep/21 10:57 AM,,0,,,Swadha Pankhudi,612ef7c26fa73c006a77d0d8,,,,,,,,,,EL-24,,,,,,,,,,,,,,,,,,,,,,,,,,,{},,,,,,,0|i00053:,,EL Sprint 1,,,,,,,,Done
verify the number of votes according to the rating.,EL-24,10023,Test,Done,EL,E_Learning,software,Swadha Pankhudi,612ef7c26fa73c006a77d0d8,,Medium,Done,Swadha Pankhudi,612ef7c26fa73c006a77d0d8,Swadha Pankhudi,612ef7c26fa73c006a77d0d8,Swadha Pankhudi,612ef7c26fa73c006a77d0d8,03/Sep/21 11:34 AM,08/Sep/21 10:57 AM,07/Sep/21 12:25 PM,08/Sep/21 10:57 AM,,0,,,Swadha Pankhudi,612ef7c26fa73c006a77d0d8,,,,,,,,,,EL-23,,,,,,,,,,,,,,,,,,,,,,,,,,,{},,,,,,,0|i0004v:,,EL Sprint 1,,,,,,,,Done
Verify the colour changing of the stars in course field on hovering over it,EL-23,10022,Test,Done,EL,E_Learning,software,Swadha Pankhudi,612ef7c26fa73c006a77d0d8,,Medium,Done,Swadha Pankhudi,612ef7c26fa73c006a77d0d8,Swadha Pankhudi,612ef7c26fa73c006a77d0d8,Swadha Pankhudi,612ef7c26fa73c006a77d0d8,03/Sep/21 11:31 AM,08/Sep/21 10:57 AM,07/Sep/21 12:25 PM,08/Sep/21 10:57 AM,,0,,,Swadha Pankhudi,612ef7c26fa73c006a77d0d8,,,,,,,,,,EL-22,,,,,,,,,,,,,,,,,,,,,,,,,,,{},,,,,,,0|i0004n:,,EL Sprint 1,,,,,,,,Done
verify the onclick of the stars for rating the course,EL-22,10021,Test,Done,EL,E_Learning,software,Swadha Pankhudi,612ef7c26fa73c006a77d0d8,,Medium,Done,Swadha Pankhudi,612ef7c26fa73c006a77d0d8,Swadha Pankhudi,612ef7c26fa73c006a77d0d8,Swadha Pankhudi,612ef7c26fa73c006a77d0d8,03/Sep/21 11:27 AM,08/Sep/21 10:57 AM,07/Sep/21 12:44 PM,08/Sep/21 10:57 AM,,0,,,Swadha Pankhudi,612ef7c26fa73c006a77d0d8,,,,,,,,,,,,,,,,,,,,,,,,,,,,,,,,,,,,,{},,,,,,,0|i0004f:,,EL Sprint 1,,,,,,,,Done
Verify the course name directs to the course details page,EL-21,10020,Test,Done,EL,E_Learning,software,Swadha Pankhudi,612ef7c26fa73c006a77d0d8,,Medium,Done,Swadha Pankhudi,612ef7c26fa73c006a77d0d8,Swadha Pankhudi,612ef7c26fa73c006a77d0d8,Swadha Pankhudi,612ef7c26fa73c006a77d0d8,03/Sep/21 10:43 AM,08/Sep/21 10:57 AM,09/Sep/21 10:26 AM,08/Sep/21 10:57 AM,,0,,,Swadha Pankhudi,612ef7c26fa73c006a77d0d8,,,,,,,,,,EL-20,,,,,,,,,,,,,,,,,,,,,,,,,,,{},,EL-1,,,,,0|i00047:,,EL Sprint 1,,,,,,,,Done
Verify the onclick of the course name.,EL-20,10019,Test,Done,EL,E_Learning,software,Swadha Pankhudi,612ef7c26fa73c006a77d0d8,,Medium,Done,Swadha Pankhudi,612ef7c26fa73c006a77d0d8,Swadha Pankhudi,612ef7c26fa73c006a77d0d8,Swadha Pankhudi,612ef7c26fa73c006a77d0d8,03/Sep/21 10:40 AM,08/Sep/21 10:57 AM,07/Sep/21 12:43 PM,08/Sep/21 10:57 AM,,0,,,Swadha Pankhudi,612ef7c26fa73c006a77d0d8,,,,,,,,,,,,,,,,,,,,,,,,,,,,,,,,,,,,,{},,,,,,,0|i0003z:,,EL Sprint 1,,,,,,,,Done
verify the change of colour on hovering over the course name .,EL-19,10018,Test,Done,EL,E_Learning,software,Swadha Pankhudi,612ef7c26fa73c006a77d0d8,,Medium,Done,Swadha Pankhudi,612ef7c26fa73c006a77d0d8,Swadha Pankhudi,612ef7c26fa73c006a77d0d8,Swadha Pankhudi,612ef7c26fa73c006a77d0d8,03/Sep/21 10:37 AM,08/Sep/21 10:57 AM,07/Sep/21 12:43 PM,08/Sep/21 10:57 AM,,0,,,Swadha Pankhudi,612ef7c26fa73c006a77d0d8,,,,,,,,,,,,,,,,,,,,,,,,,,,,,,,,,,,,,{},,,,,,,0|i0003r:,,EL Sprint 1,,,,,,,,Done
Verify the course name access to the course,EL-18,10017,Test,Done,EL,E_Learning,software,Swadha Pankhudi,612ef7c26fa73c006a77d0d8,,Medium,Done,Swadha Pankhudi,612ef7c26fa73c006a77d0d8,Swadha Pankhudi,612ef7c26fa73c006a77d0d8,Swadha Pankhudi,612ef7c26fa73c006a77d0d8,03/Sep/21 10:34 AM,08/Sep/21 10:57 AM,07/Sep/21 12:44 PM,08/Sep/21 10:57 AM,,0,,,Swadha Pankhudi,612ef7c26fa73c006a77d0d8,,,,,,,,,,,,,,,,,,,,,,,,,,,,,,,,,,,,,{},,,,,,,0|i0003j:,,EL Sprint 1,,,,,,,,Done
Verify the disappearance of subscribe button after it is already subscribed,EL-17,10016,Test,Done,EL,E_Learning,software,Swadha Pankhudi,612ef7c26fa73c006a77d0d8,,Medium,Done,Swadha Pankhudi,612ef7c26fa73c006a77d0d8,Swadha Pankhudi,612ef7c26fa73c006a77d0d8,Swadha Pankhudi,612ef7c26fa73c006a77d0d8,03/Sep/21 10:30 AM,08/Sep/21 10:57 AM,08/Sep/21 11:32 AM,08/Sep/21 10:57 AM,,0,,,Swadha Pankhudi,612ef7c26fa73c006a77d0d8,,,,,,,,,,,,,,,,,,,,,,,,,,,,,,,,,,,,,{},,,,,,,0|i0003b:,,EL Sprint 1,,,,,,,,Done
Verify the onclick of subscription button of my courses.,EL-15,10014,Test,Done,EL,E_Learning,software,Swadha Pankhudi,612ef7c26fa73c006a77d0d8,,Medium,Done,Swadha Pankhudi,612ef7c26fa73c006a77d0d8,Swadha Pankhudi,612ef7c26fa73c006a77d0d8,Swadha Pankhudi,612ef7c26fa73c006a77d0d8,03/Sep/21 10:24 AM,08/Sep/21 10:57 AM,07/Sep/21 12:45 PM,08/Sep/21 10:57 AM,,0,,,Swadha Pankhudi,612ef7c26fa73c006a77d0d8,,,,,,,,,,,,,,,,,,,,,,,,,,,,,,,,,,,,,{},,,,,,,0|i00033:,,EL Sprint 1,,,,,,,,Done
Verify the change of colour when hovered over subscribe button.,EL-14,10013,Test,Done,EL,E_Learning,software,Swadha Pankhudi,612ef7c26fa73c006a77d0d8,,Medium,Done,Swadha Pankhudi,612ef7c26fa73c006a77d0d8,Swadha Pankhudi,612ef7c26fa73c006a77d0d8,Swadha Pankhudi,612ef7c26fa73c006a77d0d8,03/Sep/21 10:17 AM,08/Sep/21 10:57 AM,07/Sep/21 3:23 PM,08/Sep/21 10:57 AM,,0,,,Swadha Pankhudi,612ef7c26fa73c006a77d0d8,,,,,,,,,,,,,,,,,,,,,,,,,,,,,,,,,,,,,{},,,,,,,0|i0002v:,,EL Sprint 1,,,,,,,,Done
As a user a person should be able to access the user icon to see who all have taken this particular course,EL-13,10012,Story,Done,EL,E_Learning,software,Swadha Pankhudi,612ef7c26fa73c006a77d0d8,,Medium,Done,Swadha Pankhudi,612ef7c26fa73c006a77d0d8,Swadha Pankhudi,612ef7c26fa73c006a77d0d8,Swadha Pankhudi,612ef7c26fa73c006a77d0d8,02/Sep/21 3:12 PM,08/Sep/21 10:56 AM,09/Sep/21 10:26 AM,08/Sep/21 10:56 AM,,0,,,Swadha Pankhudi,612ef7c26fa73c006a77d0d8,,,,,,,,,,,EL-70,EL-71,EL-72,EL-73,EL-74,EL-75,EL-76,EL-77,EL-78,EL-79,EL-80,EL-81,EL-82,EL-83,,,,,,,,,,,,,{},,EL-1,,,,,0|i0002n:,,EL Sprint 1,,,,,,,,Done
As a user a person should be able to access the dropbox icon to see all the messages.,EL-12,10011,Story,Done,EL,E_Learning,software,Swadha Pankhudi,612ef7c26fa73c006a77d0d8,,Medium,Done,Swadha Pankhudi,612ef7c26fa73c006a77d0d8,Swadha Pankhudi,612ef7c26fa73c006a77d0d8,Swadha Pankhudi,612ef7c26fa73c006a77d0d8,02/Sep/21 3:09 PM,08/Sep/21 10:56 AM,08/Sep/21 10:40 AM,08/Sep/21 10:56 AM,,0,,,Swadha Pankhudi,612ef7c26fa73c006a77d0d8,,,,,,,,,,,EL-95,EL-96,EL-97,EL-98,EL-99,EL-100,EL-101,EL-102,EL-103,EL-104,EL-105,EL-106,EL-107,EL-108,EL-109,EL-110,,,,,,,,,,,{},,EL-1,,,,,0|i0002f:,,EL Sprint 1,,,,,,,,Done
As a user a person should be able to access the forum icon to be updated with forums,EL-11,10010,Story,Done,EL,E_Learning,software,Swadha Pankhudi,612ef7c26fa73c006a77d0d8,,Medium,Done,Swadha Pankhudi,612ef7c26fa73c006a77d0d8,Swadha Pankhudi,612ef7c26fa73c006a77d0d8,Swadha Pankhudi,612ef7c26fa73c006a77d0d8,02/Sep/21 3:05 PM,08/Sep/21 10:56 AM,09/Sep/21 10:26 AM,08/Sep/21 10:56 AM,,0,,,Swadha Pankhudi,612ef7c26fa73c006a77d0d8,,,,,,,,,,,EL-111,EL-112,EL-113,EL-114,,,,,,,,,,,,,,,,,,,,,,,{},,EL-1,,,,,0|i00027:,,EL Sprint 1,,,,,,,,Done
As a user a person should be able to access the announcement icon to be updated with everything.,EL-10,10009,Story,Done,EL,E_Learning,software,Swadha Pankhudi,612ef7c26fa73c006a77d0d8,,Medium,Done,Swadha Pankhudi,612ef7c26fa73c006a77d0d8,Swadha Pankhudi,612ef7c26fa73c006a77d0d8,Swadha Pankhudi,612ef7c26fa73c006a77d0d8,02/Sep/21 3:04 PM,08/Sep/21 10:56 AM,07/Sep/21 12:46 PM,08/Sep/21 10:56 AM,,0,,,Swadha Pankhudi,612ef7c26fa73c006a77d0d8,,,,,,,,,,,EL-65,EL-66,EL-67,EL-68,EL-69,,,,,,,,,,,,,,,,,,,,,,{},,EL-1,,,,,0|i0001z:,,EL Sprint 1,,,,,,,,Done
As a user a person should be able to access the test icon to take the test .,EL-9,10008,Story,Blocked,EL,E_Learning,software,Swadha Pankhudi,612ef7c26fa73c006a77d0d8,,Medium,,Swadha Pankhudi,612ef7c26fa73c006a77d0d8,Swadha Pankhudi,612ef7c26fa73c006a77d0d8,Swadha Pankhudi,612ef7c26fa73c006a77d0d8,02/Sep/21 2:53 PM,08/Sep/21 10:55 AM,08/Sep/21 10:39 AM,,,0,,,Swadha Pankhudi,612ef7c26fa73c006a77d0d8,,,,,,,,,EL-93,,EL-86,EL-87,EL-88,EL-89,EL-90,EL-91,EL-92,EL-94,,,,,,,,,,,,,,,,,,,{},,EL-1,,,,,0|i0001r:,,EL Sprint 1,,,,,,,,To Do
As a user a person should be able to access the link icon to follow up the important links.,EL-8,10007,Story,Blocked,EL,E_Learning,software,Swadha Pankhudi,612ef7c26fa73c006a77d0d8,,Medium,,Swadha Pankhudi,612ef7c26fa73c006a77d0d8,Swadha Pankhudi,612ef7c26fa73c006a77d0d8,Swadha Pankhudi,612ef7c26fa73c006a77d0d8,02/Sep/21 2:51 PM,08/Sep/21 10:55 AM,08/Sep/21 10:39 AM,,,0,,,Swadha Pankhudi,612ef7c26fa73c006a77d0d8,,,,,,,,,EL-63,,EL-60,EL-61,EL-62,EL-64,,,,,,,,,,,,,,,,,,,,,,,{},,EL-1,,,,,0|i0001j:,,EL Sprint 1,,,,,,,,To Do
As a user a person should be able to access the learning path icon to see the procedure.,EL-7,10006,Story,Blocked,EL,E_Learning,software,Swadha Pankhudi,612ef7c26fa73c006a77d0d8,,Medium,,Swadha Pankhudi,612ef7c26fa73c006a77d0d8,Swadha Pankhudi,612ef7c26fa73c006a77d0d8,Swadha Pankhudi,612ef7c26fa73c006a77d0d8,02/Sep/21 2:51 PM,08/Sep/21 10:55 AM,08/Sep/21 10:38 AM,,,0,,,Swadha Pankhudi,612ef7c26fa73c006a77d0d8,,,,,,,,,EL-58,,EL-55,EL-56,EL-57,EL-59,,,,,,,,,,,,,,,,,,,,,,,{},,EL-1,,,,,0|i0001b:,,EL Sprint 1,,,,,,,,To Do
As a user a person should be able to access the course related documents icon.,EL-6,10005,Story,Done,EL,E_Learning,software,Swadha Pankhudi,612ef7c26fa73c006a77d0d8,,Medium,Done,Swadha Pankhudi,612ef7c26fa73c006a77d0d8,Swadha Pankhudi,612ef7c26fa73c006a77d0d8,Swadha Pankhudi,612ef7c26fa73c006a77d0d8,02/Sep/21 2:49 PM,08/Sep/21 10:56 AM,08/Sep/21 10:38 AM,08/Sep/21 10:56 AM,,0,,,Swadha Pankhudi,612ef7c26fa73c006a77d0d8,,,,,,,,,,,EL-115,EL-116,EL-117,EL-118,EL-119,EL-120,EL-121,EL-122,EL-123,EL-124,EL-125,EL-126,,,,,,,,,,,,,,,{},,EL-1,,,,,0|i00013:,,EL Sprint 1,,,,,,,,Done
As a user a person should be able to access agenda icon to the course.,EL-5,10004,Story,Done,EL,E_Learning,software,Swadha Pankhudi,612ef7c26fa73c006a77d0d8,,Medium,Done,Swadha Pankhudi,612ef7c26fa73c006a77d0d8,Swadha Pankhudi,612ef7c26fa73c006a77d0d8,Swadha Pankhudi,612ef7c26fa73c006a77d0d8,02/Sep/21 2:48 PM,08/Sep/21 10:56 AM,08/Sep/21 10:33 AM,08/Sep/21 10:56 AM,,0,,,Swadha Pankhudi,612ef7c26fa73c006a77d0d8,,,,,,,,,,,EL-84,EL-85,EL-128,,,,,,,,,,,,,,,,,,,,,,,,{},,EL-1,,,,,0|i0000v:,,EL Sprint 1,,,,,,,,Done
As a user a person should be able to access the course description icon .,EL-4,10003,Story,Blocked,EL,E_Learning,software,Swadha Pankhudi,612ef7c26fa73c006a77d0d8,,Medium,,Swadha Pankhudi,612ef7c26fa73c006a77d0d8,Swadha Pankhudi,612ef7c26fa73c006a77d0d8,Swadha Pankhudi,612ef7c26fa73c006a77d0d8,02/Sep/21 2:47 PM,08/Sep/21 10:55 AM,08/Sep/21 10:29 AM,,,0,,,Swadha Pankhudi,612ef7c26fa73c006a77d0d8,,,,,,,,,EL-54,,EL-52,EL-53,EL-127,,,,,,,,,,,,,,,,,,,,,,,,{},,EL-1,,,,,0|i0000n:,,EL Sprint 1,,,,,,,,To Do
As a user a person can access the course details from course name link in my courses,EL-3,10002,Story,Done,EL,E_Learning,software,Swadha Pankhudi,612ef7c26fa73c006a77d0d8,,Medium,Done,Swadha Pankhudi,612ef7c26fa73c006a77d0d8,Swadha Pankhudi,612ef7c26fa73c006a77d0d8,Swadha Pankhudi,612ef7c26fa73c006a77d0d8,02/Sep/21 2:46 PM,08/Sep/21 10:56 AM,08/Sep/21 11:36 AM,08/Sep/21 10:56 AM,,0,,,Swadha Pankhudi,612ef7c26fa73c006a77d0d8,,,,,,,,,,,EL-51,EL-50,EL-49,EL-48,EL-47,EL-37,EL-38,EL-39,EL-40,EL-41,EL-42,EL-43,EL-44,EL-45,EL-46,,,,,,,,,,,,{},,EL-1,,,,,0|i0000f:,,EL Sprint 1,,,,,,,,Done
As a user a person should be able to subscribe for course to access it,EL-2,10001,Story,Blocked,EL,E_Learning,software,Swadha Pankhudi,612ef7c26fa73c006a77d0d8,,Medium,,Swadha Pankhudi,612ef7c26fa73c006a77d0d8,Swadha Pankhudi,612ef7c26fa73c006a77d0d8,Swadha Pankhudi,612ef7c26fa73c006a77d0d8,02/Sep/21 2:45 PM,08/Sep/21 10:55 AM,07/Sep/21 3:21 PM,,,0,,,Swadha Pankhudi,612ef7c26fa73c006a77d0d8,,,,,,,,,EL-30,,EL-14,EL-15,EL-17,EL-18,EL-20,EL-21,EL-22,EL-23,EL-24,EL-25,EL-26,EL-27,EL-28,EL-29,EL-31,EL-32,EL-34,EL-35,EL-36,EL-19,,,,,,,{},,EL-1,,,,,0|i00007:,,EL Sprint 1,,,,,,,,To Do
Details in my courses and its subscription,EL-1,10000,Epic,In Progress,EL,E_Learning,software,Swadha Pankhudi,612ef7c26fa73c006a77d0d8,,Medium,,Swadha Pankhudi,612ef7c26fa73c006a77d0d8,Swadha Pankhudi,612ef7c26fa73c006a77d0d8,Swadha Pankhudi,612ef7c26fa73c006a77d0d8,02/Sep/21 12:56 PM,08/Sep/21 3:30 PM,09/Sep/21 8:51 AM,,,0,,,Swadha Pankhudi,612ef7c26fa73c006a77d0d8,,,,,,,,,,,EL-2,,,,,,,,,,,,,,,,,,,,,,,,,,{},ghx-label-7,,My_Courses,To Do,,,0|hzzzzz:,,EL Sprint 1,,,,,,,,In Progress
